customer_id,num_interactions,purchase_freq_per_month,loyalty_points,current_tier,tier_rank,chatbot_usage_freq,avg_satisfaction_score,avg_trust_score,complaint_count_3m,days_since_last_active,will_retain_next_6m
1,7,0.22,961,Gold,2,5,3.56,2.97,2,55.0,0
2,10,5.41,945,Silver,1,2,2.94,3.6,1,11.8,1
3,16,1.65,874,Gold,2,3,3.75,4.12,1,17.8,1
4,22,4.9,835,Silver,1,3,3.56,2.59,1,1.3,0
5,18,4.6,441,Bronze,0,9,4.07,3.09,1,25.3,1
6,17,4.2,854,Platinum,3,7,2.92,1.71,0,3.5,1
7,13,2.68,895,Gold,2,6,4.3,3.08,2,0.0,1
8,17,0.81,723,Gold,2,3,4.13,4.62,0,4.4,1
9,23,1.99,554,Bronze,0,9,3.59,4.26,2,17.7,0
10,18,6.46,438,Silver,1,5,3.21,2.23,1,22.9,1
11,16,4.99,324,Bronze,0,4,3.99,4.55,1,23.3,1
12,15,2.08,1077,Platinum,3,5,3.9,2.34,1,39.2,1
13,14,2.06,827,Silver,1,4,3.38,2.7,0,9.1,1
14,13,3.94,603,Gold,2,9,1.5,3.66,1,10.1,1
15,14,2.83,784,Silver,1,4,3.44,2.64,0,68.5,0
16,9,2.17,393,Bronze,0,7,3.2,3.39,2,38.9,0
17,17,3.71,653,Silver,1,4,3.98,2.47,1,46.2,0
18,11,3.63,783,Bronze,0,3,4.45,2.77,1,190.2,1
19,20,1.47,961,Gold,2,2,4.56,3.44,1,83.2,1
20,17,3.26,809,Silver,1,3,2.2,4.08,0,92.2,1
21,12,3.47,1182,Gold,2,5,3.4,2.58,1,128.2,0
22,12,2.52,359,Bronze,0,3,2.81,3.58,0,25.1,1
23,21,1.34,753,Platinum,3,9,3.73,4.17,1,18.6,1
24,15,1.94,656,Gold,2,7,4.69,4.06,0,0.6,1
25,24,1.11,749,Gold,2,4,4.45,3.54,1,47.6,0
26,12,3.32,29,Bronze,0,8,1.4,2.83,2,85.8,0
27,14,0.55,609,Silver,1,6,4.53,4.63,1,23.5,1
28,20,6.91,391,Bronze,0,9,3.13,2.38,0,2.2,1
29,14,5.98,657,Bronze,0,3,4.09,3.8,4,6.0,1
30,20,3.53,720,Silver,1,4,4.0,3.48,1,2.5,1
31,15,4.79,680,Gold,2,5,2.81,2.3,2,19.5,1
32,16,4.57,1068,Platinum,3,3,4.46,2.66,3,40.0,0
33,12,2.86,645,Bronze,0,6,4.14,1.42,2,55.9,0
34,18,2.21,346,Bronze,0,7,3.68,4.52,1,54.3,0
35,15,2.02,551,Silver,1,3,3.53,4.12,0,1.6,1
36,12,7.08,55,Bronze,0,6,3.02,1.22,3,9.9,1
37,12,1.3,282,Bronze,0,3,4.01,3.96,0,4.3,1
38,16,1.32,502,Silver,1,3,2.25,4.38,1,18.4,1
39,20,5.08,515,Bronze,0,4,3.41,2.07,1,60.8,1
40,10,4.76,461,Silver,1,6,3.72,4.34,2,3.6,1
41,9,2.11,547,Silver,1,2,3.84,2.64,1,83.9,0
42,10,3.8,555,Gold,2,2,3.97,3.99,2,30.7,1
43,30,4.16,834,Gold,2,9,3.02,4.55,1,4.1,1
44,10,0.77,585,Bronze,0,2,3.76,4.21,0,3.4,0
45,17,6.24,880,Gold,2,3,3.74,3.97,2,2.0,0
46,19,4.16,802,Gold,2,9,3.01,4.34,2,0.4,1
47,14,3.58,192,Bronze,0,10,1.83,3.32,0,103.8,0
48,15,4.19,376,Bronze,0,6,3.58,3.87,1,34.1,1
49,9,3.27,569,Silver,1,7,1.81,3.76,4,40.6,0
50,14,2.41,419,Bronze,0,5,4.03,1.22,1,35.3,0
51,13,2.88,515,Bronze,0,10,2.64,3.54,1,83.0,0
52,14,0.7,785,Bronze,0,6,3.93,3.37,1,232.7,0
53,15,8.96,962,Gold,2,5,3.91,2.37,0,2.2,1
54,9,2.38,452,Silver,1,3,4.56,1.46,1,28.4,1
55,15,8.86,936,Gold,2,7,4.04,3.01,1,54.5,1
56,7,2.91,928,Gold,2,8,3.26,3.34,4,34.5,1
57,14,1.58,489,Silver,1,3,2.87,3.5,0,24.2,0
58,19,6.12,820,Silver,1,2,3.66,3.78,3,60.9,1
59,19,3.47,468,Bronze,0,13,4.74,4.59,0,1.2,1
60,19,11.1,218,Bronze,0,2,4.49,3.27,0,85.7,1
61,14,1.55,741,Silver,1,3,4.86,2.38,3,50.4,1
62,12,6.3,693,Silver,1,4,3.88,4.89,2,0.2,1
63,15,6.52,604,Silver,1,4,2.75,1.77,1,78.9,1
64,15,4.41,793,Gold,2,4,3.4,3.28,2,21.6,1
65,11,6.56,506,Silver,1,2,4.15,2.05,0,44.9,1
66,18,2.43,772,Silver,1,2,4.12,4.23,2,106.2,0
67,8,1.29,641,Silver,1,5,2.57,3.69,2,1.3,0
68,11,1.71,533,Bronze,0,3,4.51,2.42,2,2.4,1
69,10,2.77,571,Bronze,0,7,3.09,3.77,3,5.4,1
70,14,4.57,419,Silver,1,4,3.66,3.39,2,2.2,0
71,20,1.37,321,Bronze,0,3,4.29,4.11,2,38.3,1
72,11,2.02,208,Silver,1,1,3.83,4.52,1,12.6,1
73,12,1.47,913,Gold,2,5,3.62,3.76,1,25.8,1
74,16,5.14,258,Bronze,0,6,2.54,2.93,0,50.1,0
75,19,8.82,527,Bronze,0,7,4.29,4.57,2,238.4,0
76,16,1.1,574,Bronze,0,5,3.44,3.86,1,3.7,0
77,12,3.93,620,Bronze,0,7,3.42,3.27,0,19.8,1
78,16,5.59,409,Silver,1,1,3.57,4.0,1,18.7,1
79,12,2.26,637,Silver,1,3,2.99,3.18,2,15.6,1
80,13,0.74,1134,Gold,2,3,3.62,3.35,0,27.6,1
81,17,6.08,993,Silver,1,8,4.63,2.31,1,19.7,1
82,21,0.69,847,Silver,1,4,3.92,2.6,1,13.5,0
83,11,7.31,867,Gold,2,8,3.71,2.12,2,31.2,1
84,15,1.44,299,Bronze,0,5,4.02,3.51,1,9.8,1
85,22,0.59,644,Bronze,0,5,3.67,3.18,1,15.3,0
86,11,1.81,468,Bronze,0,6,4.67,2.84,0,6.3,0
87,11,2.6,912,Gold,2,9,4.12,3.31,0,7.2,1
88,11,3.03,523,Silver,1,7,1.7,4.68,2,7.4,1
89,11,4.17,465,Bronze,0,2,4.81,3.24,2,22.4,0
90,11,3.24,683,Silver,1,4,3.8,3.95,0,7.6,1
91,20,8.35,549,Bronze,0,5,2.37,4.54,0,8.2,1
92,13,2.51,749,Silver,1,3,1.25,4.48,0,48.3,1
93,13,3.36,534,Silver,1,4,2.29,4.43,2,57.7,0
94,16,3.16,231,Bronze,0,6,3.89,2.66,1,8.4,1
95,9,0.52,825,Bronze,0,4,2.84,3.25,2,25.7,1
96,9,0.92,1148,Silver,1,4,4.82,3.91,1,27.8,1
97,10,2.77,589,Bronze,0,7,4.34,1.55,4,1.0,0
98,6,3.66,235,Bronze,0,4,3.89,3.48,2,1.3,1
99,13,0.31,345,Bronze,0,4,3.57,4.5,3,32.8,1
100,16,8.6,1052,Platinum,3,2,2.05,4.18,0,4.2,1
101,15,3.88,1218,Platinum,3,4,3.81,2.49,1,33.7,1
102,14,2.66,407,Silver,1,8,3.93,2.75,0,14.0,1
103,10,3.75,475,Bronze,0,10,3.68,2.84,1,4.1,1
104,11,1.73,989,Platinum,3,5,4.37,3.71,2,60.7,0
105,20,3.06,973,Gold,2,4,2.82,3.75,0,13.0,1
106,13,3.42,731,Gold,2,4,2.41,1.53,0,9.8,1
107,14,6.13,337,Silver,1,3,1.56,2.11,1,25.9,0
108,14,2.34,624,Bronze,0,7,4.07,1.91,1,36.3,0
109,14,0.71,725,Bronze,0,5,3.58,3.28,0,7.4,0
110,14,1.26,933,Platinum,3,5,4.57,3.82,1,39.5,0
111,16,2.19,731,Silver,1,7,4.51,1.33,0,1.7,1
112,13,0.8,405,Bronze,0,5,3.77,3.4,1,24.6,0
113,9,1.14,331,Bronze,0,3,4.19,2.76,0,21.9,1
114,18,1.27,855,Silver,1,6,3.06,3.33,1,29.7,1
115,11,2.08,577,Bronze,0,2,4.16,3.26,3,53.9,0
116,18,3.84,898,Gold,2,7,2.04,3.44,1,61.6,1
117,16,2.0,1100,Gold,2,7,4.78,1.34,1,201.1,0
118,14,4.03,589,Gold,2,5,4.88,4.09,0,42.8,1
119,16,2.66,540,Silver,1,5,3.89,4.78,2,12.8,1
120,16,1.18,682,Silver,1,1,3.88,1.81,0,49.6,0
121,15,3.46,537,Silver,1,6,2.87,4.74,1,54.4,1
122,13,3.08,807,Silver,1,6,3.96,1.77,4,54.4,0
123,13,4.11,463,Bronze,0,9,4.02,3.82,1,2.5,1
124,12,4.71,451,Silver,1,4,3.44,4.37,0,78.5,1
125,18,6.26,513,Bronze,0,3,4.34,1.31,0,20.0,1
126,11,3.94,684,Silver,1,3,4.77,4.24,1,35.3,1
127,20,3.01,687,Bronze,0,2,3.26,4.55,3,76.4,0
128,15,4.12,579,Bronze,0,8,3.66,3.14,1,32.7,1
129,14,1.84,592,Bronze,0,4,4.69,3.62,0,15.6,1
130,14,1.73,714,Silver,1,6,1.95,2.93,2,31.0,0
131,12,6.84,462,Bronze,0,6,4.27,3.7,0,63.5,1
132,20,1.69,807,Platinum,3,2,4.28,4.49,1,12.8,0
133,15,1.3,708,Silver,1,5,4.11,3.45,0,3.8,1
134,17,3.93,433,Bronze,0,5,3.84,2.34,0,7.3,1
135,17,1.86,988,Silver,1,3,3.98,4.84,1,81.7,0
136,16,4.68,768,Bronze,0,5,2.92,3.33,2,11.3,1
137,14,5.95,1077,Platinum,3,6,3.88,3.93,1,10.3,1
138,11,1.47,726,Silver,1,7,4.17,2.5,0,27.8,1
139,11,4.27,782,Gold,2,5,3.55,3.65,1,9.4,1
140,14,1.66,248,Bronze,0,4,3.64,3.21,1,37.3,0
141,28,2.23,607,Silver,1,6,4.17,3.85,1,39.2,1
142,17,3.35,670,Silver,1,8,4.86,3.15,2,49.1,1
143,14,1.73,996,Platinum,3,1,4.7,1.9,1,7.0,1
144,24,3.13,744,Silver,1,4,4.8,3.62,1,9.5,1
145,17,2.38,834,Silver,1,5,3.31,3.64,2,33.0,1
146,21,4.75,362,Bronze,0,8,3.77,3.49,3,19.9,1
147,22,4.76,363,Bronze,0,5,2.4,2.87,1,16.2,0
148,9,1.74,940,Silver,1,4,3.25,3.43,1,0.6,1
149,19,3.41,804,Silver,1,3,3.97,4.3,2,4.6,1
150,15,5.26,422,Bronze,0,5,4.18,4.42,0,17.7,1
151,16,1.12,779,Gold,2,2,3.08,3.18,0,60.0,1
152,14,2.36,779,Gold,2,4,3.15,2.74,3,68.0,0
153,26,3.3,506,Bronze,0,6,3.93,3.05,0,16.7,1
154,11,1.08,745,Silver,1,3,3.38,2.61,2,25.6,0
155,25,1.91,1007,Bronze,0,1,3.02,3.98,1,28.8,1
156,20,7.78,688,Silver,1,6,4.18,4.23,0,8.9,1
157,10,1.69,633,Bronze,0,6,3.81,2.22,0,2.8,1
158,15,1.84,313,Silver,1,7,3.72,3.62,2,11.1,1
159,17,3.9,703,Gold,2,1,4.3,2.89,2,8.0,0
160,14,0.96,1046,Gold,2,3,2.96,3.66,0,24.6,1
161,13,2.4,580,Bronze,0,5,3.44,3.85,0,28.8,1
162,9,1.31,72,Platinum,3,5,3.47,3.22,0,14.7,1
163,18,3.13,635,Bronze,0,12,4.58,4.67,2,24.0,1
164,22,0.08,884,Bronze,0,8,2.94,4.02,1,15.1,0
165,11,2.82,251,Silver,1,7,4.28,3.65,0,13.5,1
166,22,3.37,804,Bronze,0,3,3.38,2.39,0,11.8,1
167,12,1.95,246,Gold,2,3,4.71,4.07,0,89.5,0
168,10,2.05,988,Gold,2,6,2.79,3.84,0,7.5,1
169,11,1.77,498,Bronze,0,4,3.76,4.45,0,15.6,1
170,21,2.38,480,Platinum,3,5,2.88,4.17,1,31.8,1
171,16,6.9,589,Bronze,0,6,4.6,1.62,1,1.6,1
172,19,4.85,880,Silver,1,6,2.06,4.25,1,10.8,1
173,13,2.38,573,Bronze,0,8,4.67,4.16,1,1.6,1
174,11,1.92,1067,Platinum,3,6,3.62,0.34,1,0.8,1
175,23,4.55,418,Bronze,0,7,3.94,3.89,1,6.2,1
176,18,2.98,128,Bronze,0,5,3.41,2.66,2,15.9,1
177,11,1.06,788,Silver,1,4,1.84,3.88,0,41.4,1
178,17,2.17,1300,Platinum,3,4,3.49,2.25,1,14.4,1
179,14,6.42,1026,Gold,2,6,3.87,2.01,2,11.3,1
180,18,3.8,402,Gold,2,6,1.98,4.54,1,28.2,1
181,22,1.93,497,Gold,2,5,4.21,4.41,0,72.9,1
182,9,0.66,631,Gold,2,4,4.66,3.13,1,6.0,1
183,15,3.12,331,Silver,1,3,4.54,3.13,0,19.6,1
184,15,2.67,509,Bronze,0,6,2.24,3.21,1,1.3,0
185,14,2.32,879,Gold,2,4,3.2,3.54,0,56.9,0
186,16,4.58,364,Silver,1,9,3.92,4.45,0,18.5,1
187,17,3.83,655,Bronze,0,5,3.92,2.31,1,4.8,0
188,21,0.69,620,Bronze,0,5,3.78,4.33,1,12.2,1
189,17,2.68,690,Gold,2,1,2.1,3.62,1,18.0,0
190,14,0.87,465,Bronze,0,5,3.2,3.04,0,10.1,0
191,20,1.79,560,Platinum,3,4,2.78,4.0,2,28.7,0
192,13,0.81,434,Bronze,0,6,1.2,3.38,1,37.3,0
193,13,0.84,501,Bronze,0,8,4.43,3.06,0,0.5,1
194,19,3.4,834,Gold,2,6,3.18,3.97,0,14.0,1
195,18,3.16,576,Bronze,0,4,4.74,3.3,2,36.8,1
196,11,2.53,549,Bronze,0,4,4.53,3.81,2,34.2,1
197,10,1.67,597,Silver,1,5,3.3,3.63,1,25.8,1
198,16,0.75,857,Gold,2,7,4.14,4.13,2,45.7,0
199,21,1.8,700,Bronze,0,5,3.53,3.13,2,11.5,1
200,10,3.17,481,Bronze,0,6,2.63,4.94,0,59.6,1
201,12,3.12,864,Gold,2,5,4.04,2.72,0,2.0,1
202,20,6.33,913,Platinum,3,4,3.51,3.65,2,6.9,1
203,17,5.74,521,Silver,1,6,3.91,4.32,0,1.5,1
204,13,2.61,605,Bronze,0,6,2.86,4.06,1,20.9,1
205,10,1.78,389,Bronze,0,4,1.79,3.3,0,36.1,1
206,13,1.34,577,Bronze,0,3,3.96,3.51,1,14.1,1
207,16,0.64,506,Bronze,0,2,3.89,4.81,2,8.5,1
208,8,0.96,589,Silver,1,7,3.6,2.68,1,7.6,1
209,18,3.17,434,Bronze,0,3,4.43,4.29,1,28.1,1
210,19,4.01,548,Silver,1,6,4.17,3.99,3,15.9,0
211,19,2.08,321,Silver,1,4,2.14,4.31,2,94.5,0
212,13,10.86,727,Silver,1,8,3.14,3.7,1,25.8,1
213,15,0.97,546,Bronze,0,8,2.66,4.25,2,32.2,0
214,12,0.58,970,Gold,2,5,2.09,3.84,1,1.7,1
215,13,10.74,694,Gold,2,5,2.97,4.86,1,107.3,1
216,10,0.72,1179,Gold,2,0,4.13,2.38,2,12.0,1
217,13,2.06,424,Bronze,0,4,2.14,4.65,1,120.1,0
218,12,1.44,325,Bronze,0,4,4.85,4.36,0,12.2,1
219,22,3.35,751,Platinum,3,6,2.77,2.19,5,48.9,0
220,19,1.94,153,Bronze,0,7,3.66,4.43,1,0.2,1
221,8,4.02,807,Bronze,0,4,2.68,2.59,1,14.5,1
222,15,4.65,924,Silver,1,5,4.08,3.53,3,9.2,1
223,14,0.63,770,Silver,1,4,3.23,3.43,2,7.5,1
224,16,1.3,771,Platinum,3,3,2.91,2.48,0,10.8,1
225,9,4.27,862,Bronze,0,14,3.04,3.48,0,10.6,1
226,21,5.29,880,Platinum,3,5,3.1,2.2,1,24.4,0
227,14,2.93,446,Bronze,0,3,3.57,3.44,1,6.8,1
228,13,3.52,937,Silver,1,4,4.53,4.52,0,14.1,1
229,12,6.6,782,Silver,1,10,3.61,3.09,2,5.8,0
230,11,1.96,940,Bronze,0,5,3.95,3.73,0,8.8,1
231,23,2.9,550,Bronze,0,5,4.39,4.23,0,43.5,1
232,19,5.74,571,Silver,1,7,4.37,4.51,3,0.0,1
233,11,5.98,828,Platinum,3,5,3.12,1.48,1,72.2,0
234,19,2.39,281,Silver,1,9,3.45,2.4,0,12.1,1
235,21,1.34,894,Platinum,3,10,2.7,2.93,2,13.8,1
236,17,2.37,1029,Gold,2,5,4.55,2.5,2,77.4,0
237,12,2.55,770,Silver,1,4,2.13,3.58,1,19.3,1
238,25,1.3,804,Gold,2,3,4.71,3.58,1,80.4,1
239,14,1.47,301,Bronze,0,5,3.43,2.24,2,16.4,1
240,12,5.99,545,Bronze,0,5,4.58,3.33,1,1.3,1
241,18,3.64,1003,Gold,2,2,3.64,3.15,0,13.0,1
242,19,2.06,886,Gold,2,4,3.24,4.47,1,18.5,1
243,11,1.03,533,Bronze,0,5,3.86,2.44,3,68.1,0
244,19,1.48,491,Silver,1,3,4.16,2.75,0,49.0,0
245,14,0.53,823,Silver,1,7,3.01,4.03,1,1.5,1
246,13,2.98,174,Gold,2,8,4.73,2.98,0,19.3,1
247,11,1.42,727,Silver,1,10,4.24,1.74,1,58.5,1
248,15,3.16,1164,Silver,1,4,4.58,2.14,0,45.6,1
249,17,4.24,198,Bronze,0,4,4.51,2.93,0,3.3,1
250,14,3.19,602,Silver,1,4,4.62,4.34,1,34.5,0
251,12,1.87,648,Silver,1,8,3.07,3.06,1,76.2,1
252,18,1.24,707,Gold,2,4,2.19,1.4,1,36.5,0
253,15,0.89,857,Silver,1,8,4.42,3.62,0,63.3,1
254,11,5.61,594,Bronze,0,6,3.05,3.2,0,48.5,1
255,12,3.09,530,Bronze,0,3,2.47,4.82,2,21.3,0
256,21,1.95,959,Gold,2,8,3.65,3.46,2,13.7,1
257,12,3.86,803,Gold,2,6,3.18,4.3,2,8.4,1
258,12,5.02,1136,Bronze,0,2,3.01,3.66,2,4.9,1
259,23,1.44,530,Bronze,0,5,2.61,2.78,3,6.6,0
260,14,3.02,689,Silver,1,6,3.89,2.77,0,49.8,0
261,10,3.07,158,Bronze,0,8,4.87,3.04,1,11.8,1
262,19,6.42,691,Gold,2,5,4.27,2.01,1,43.7,1
263,20,1.93,729,Bronze,0,6,4.03,3.8,2,43.4,1
264,13,1.2,233,Bronze,0,5,3.4,2.22,2,21.6,0
265,18,3.27,518,Platinum,3,3,4.1,4.67,0,56.5,0
266,18,4.08,506,Bronze,0,3,1.38,2.44,1,16.5,0
267,20,2.85,774,Bronze,0,8,2.74,3.45,1,40.2,1
268,18,6.71,508,Bronze,0,7,4.25,3.6,0,76.2,1
269,9,1.93,433,Bronze,0,5,4.51,3.72,1,24.9,1
270,15,2.9,128,Bronze,0,7,3.67,1.69,1,18.9,0
271,16,0.69,590,Bronze,0,3,2.77,3.22,3,96.3,0
272,12,1.15,632,Bronze,0,6,3.54,2.13,2,78.9,0
273,17,1.45,144,Bronze,0,4,2.27,3.75,0,189.6,0
274,11,2.19,877,Silver,1,6,4.76,3.52,0,18.8,1
275,13,0.8,803,Silver,1,6,3.34,3.51,1,28.4,0
276,9,3.82,726,Bronze,0,6,3.24,2.89,5,68.5,0
277,20,1.34,617,Bronze,0,2,4.09,2.94,0,3.8,0
278,19,9.63,781,Silver,1,7,3.5,4.83,1,24.5,1
279,13,1.38,904,Gold,2,3,2.58,3.84,1,34.5,0
280,13,2.68,974,Gold,2,5,4.16,2.55,0,26.8,1
281,18,2.44,136,Bronze,0,6,3.34,1.68,3,21.0,1
282,15,1.06,200,Bronze,0,1,4.57,3.6,1,55.1,1
283,13,2.19,353,Bronze,0,7,3.57,1.87,1,5.5,0
284,23,2.17,474,Bronze,0,5,4.12,3.08,1,9.8,1
285,18,4.65,728,Silver,1,5,3.36,3.37,1,52.4,1
286,20,3.36,715,Silver,1,6,3.35,3.43,1,11.7,1
287,15,3.78,723,Bronze,0,5,4.14,3.67,2,55.4,0
288,12,4.58,730,Bronze,0,5,3.54,2.83,0,0.3,0
289,17,3.82,476,Silver,1,5,4.38,4.55,2,16.9,1
290,18,3.0,548,Bronze,0,10,3.27,3.89,1,7.8,1
291,15,1.44,630,Gold,2,7,3.63,3.22,1,9.7,1
292,17,2.87,462,Bronze,0,5,3.53,3.27,3,77.9,0
293,13,1.22,1014,Platinum,3,7,3.68,2.85,0,12.4,1
294,13,2.32,0,Bronze,0,2,4.03,2.64,1,2.9,0
295,11,2.1,1282,Gold,2,5,4.24,4.61,2,51.2,1
296,10,2.2,1063,Platinum,3,6,2.89,3.92,1,63.0,1
297,10,0.81,831,Platinum,3,3,2.43,2.02,1,16.3,0
298,16,0.09,1185,Gold,2,4,4.22,3.53,0,9.3,1
299,16,1.81,731,Gold,2,6,2.71,2.74,0,1.3,1
300,17,5.32,677,Silver,1,9,4.31,4.48,4,49.3,0
301,18,2.65,703,Gold,2,3,3.02,4.08,1,36.2,1
302,13,5.06,830,Bronze,0,4,3.92,2.67,1,25.6,0
303,11,1.23,629,Silver,1,2,3.71,4.44,2,24.1,0
304,12,1.74,680,Silver,1,8,4.79,4.24,3,51.9,1
305,12,10.01,1041,Gold,2,8,3.9,4.51,3,5.8,1
306,13,1.29,767,Silver,1,2,2.89,2.92,4,19.2,0
307,20,3.73,489,Bronze,0,7,4.62,3.33,1,39.7,1
308,18,3.72,872,Silver,1,7,4.02,4.11,1,13.8,1
309,11,3.44,1008,Bronze,0,5,4.24,3.4,0,53.8,1
310,21,3.76,563,Bronze,0,6,3.87,3.96,1,18.9,1
311,16,1.28,673,Silver,1,4,4.51,2.81,0,22.2,1
312,16,1.88,684,Silver,1,3,3.97,3.89,1,28.6,1
313,16,0.13,762,Bronze,0,1,3.01,3.84,0,57.8,1
314,10,6.56,380,Bronze,0,11,4.65,3.07,0,2.0,1
315,17,3.75,444,Bronze,0,5,4.23,3.96,0,56.0,1
316,8,1.45,193,Bronze,0,6,3.95,2.31,0,0.3,0
317,14,1.24,263,Bronze,0,8,3.14,3.17,2,41.6,1
318,11,5.38,546,Silver,1,4,2.67,3.57,1,2.2,1
319,18,1.37,489,Bronze,0,1,3.29,4.55,2,68.9,0
320,19,1.45,1304,Platinum,3,5,2.91,4.17,0,47.3,1
321,18,1.02,1057,Platinum,3,4,3.74,3.02,1,13.3,1
322,15,4.24,468,Silver,1,6,3.88,2.46,0,51.4,1
323,22,5.01,354,Bronze,0,6,4.6,3.31,2,13.6,1
324,15,2.11,925,Silver,1,4,4.43,3.11,1,66.9,0
325,18,5.03,1025,Gold,2,4,3.29,3.13,0,76.3,1
326,15,3.24,656,Silver,1,6,2.31,2.7,2,12.7,0
327,22,0.97,711,Gold,2,6,4.28,4.62,3,10.9,1
328,14,6.25,875,Silver,1,4,3.43,4.42,1,24.1,1
329,11,1.01,451,Silver,1,2,1.58,4.48,0,3.0,1
330,18,2.23,578,Bronze,0,3,3.35,0.75,1,82.6,0
331,11,2.11,1255,Gold,2,5,4.82,3.59,1,42.2,1
332,13,1.83,541,Bronze,0,5,3.41,3.71,1,45.1,0
333,14,0.36,495,Silver,1,7,4.09,3.64,1,38.9,1
334,12,8.69,882,Gold,2,6,1.31,4.22,2,0.1,0
335,15,0.42,406,Bronze,0,7,3.45,1.68,0,45.9,0
336,11,6.51,371,Silver,1,5,1.77,4.36,1,30.9,1
337,12,1.2,640,Bronze,0,2,4.03,2.56,2,81.2,0
338,22,1.57,1024,Gold,2,3,4.7,4.28,1,30.9,1
339,15,6.09,438,Bronze,0,3,4.3,3.62,1,8.8,1
340,13,3.49,875,Platinum,3,2,3.38,3.83,0,45.9,1
341,21,0.71,308,Bronze,0,4,2.41,4.31,1,24.1,1
342,12,0.69,920,Platinum,3,2,2.3,3.06,2,23.2,1
343,15,3.14,688,Gold,2,3,4.03,3.46,1,8.5,0
344,15,0.99,448,Silver,1,2,4.52,3.08,0,75.8,1
345,14,3.61,1178,Gold,2,1,4.41,3.24,1,14.5,1
346,13,3.87,893,Gold,2,2,2.43,2.66,2,2.0,0
347,10,1.32,1064,Platinum,3,8,4.57,2.24,1,6.8,1
348,20,1.64,677,Bronze,0,5,3.46,3.76,0,4.8,1
349,12,3.21,804,Silver,1,5,3.45,4.07,1,1.5,1
350,16,1.27,417,Bronze,0,8,3.6,3.37,1,3.2,1
351,13,2.66,705,Silver,1,5,3.47,2.1,0,10.4,1
352,17,10.4,446,Bronze,0,3,2.94,3.72,1,5.3,1
353,7,3.32,738,Silver,1,4,3.17,1.68,0,15.6,1
354,16,1.85,718,Silver,1,5,4.4,4.48,1,83.9,0
355,20,9.27,573,Silver,1,8,3.05,3.09,0,43.8,1
356,16,4.45,384,Silver,1,5,3.98,2.64,2,39.7,1
357,14,1.02,829,Gold,2,10,4.11,1.22,1,2.8,1
358,21,1.2,759,Gold,2,3,4.73,1.92,1,18.0,1
359,10,0.48,272,Silver,1,3,3.52,4.11,0,30.1,1
360,17,3.17,752,Silver,1,6,2.12,2.03,0,22.8,0
361,15,0.29,1143,Platinum,3,11,1.8,2.59,2,27.5,1
362,15,9.26,1006,Bronze,0,6,4.37,4.49,0,23.9,1
363,11,2.03,422,Bronze,0,4,3.96,3.57,0,35.0,0
364,13,4.64,392,Bronze,0,5,3.14,3.73,2,86.3,0
365,17,1.89,428,Silver,1,8,2.69,1.79,1,10.2,0
366,18,3.13,692,Silver,1,3,4.47,3.42,1,9.5,1
367,18,2.25,840,Gold,2,5,3.0,2.68,0,6.6,1
368,15,2.6,488,Silver,1,4,3.89,2.11,2,8.6,0
369,12,5.65,465,Bronze,0,4,3.08,4.14,2,13.2,1
370,11,7.53,404,Gold,2,3,4.34,2.21,1,32.3,1
371,14,7.14,985,Gold,2,7,4.65,2.17,1,19.0,1
372,24,15.69,346,Bronze,0,2,4.31,1.17,0,63.7,0
373,16,1.39,493,Bronze,0,3,2.72,3.92,0,9.6,0
374,20,3.35,215,Bronze,0,5,3.5,4.1,1,39.6,0
375,16,1.42,384,Bronze,0,3,3.72,3.77,3,25.5,1
376,16,5.49,444,Bronze,0,6,3.58,4.62,1,4.8,1
377,18,1.06,948,Platinum,3,6,3.82,4.55,0,35.8,1
378,15,5.72,746,Silver,1,6,4.03,4.48,2,23.4,1
379,18,2.92,788,Bronze,0,1,2.71,3.93,1,40.9,0
380,11,2.35,947,Gold,2,7,2.97,3.4,1,51.8,0
381,18,2.56,842,Silver,1,5,3.37,2.48,0,8.2,1
382,20,0.9,1239,Platinum,3,3,3.21,4.68,0,37.2,1
383,20,0.97,914,Gold,2,2,3.04,3.55,2,17.3,1
384,12,2.96,643,Silver,1,5,4.17,3.93,0,0.8,1
385,9,2.94,702,Bronze,0,6,2.18,3.48,1,1.4,0
386,13,1.47,1165,Platinum,3,1,4.66,3.86,2,45.4,1
387,15,2.02,930,Gold,2,6,2.27,3.82,0,43.9,1
388,12,3.56,659,Platinum,3,7,3.87,4.68,4,2.5,0
389,20,1.26,332,Bronze,0,2,4.01,3.59,0,22.3,1
390,20,0.42,745,Gold,2,11,4.47,3.07,2,20.7,1
391,24,6.72,806,Silver,1,4,3.88,2.76,1,73.0,0
392,15,3.11,496,Bronze,0,9,3.91,3.32,0,34.0,1
393,10,1.7,877,Silver,1,1,3.19,3.89,0,65.9,0
394,6,1.41,913,Silver,1,3,2.93,3.29,1,48.3,0
395,10,1.25,740,Bronze,0,10,3.99,2.94,0,12.8,1
396,14,5.48,891,Silver,1,7,4.58,4.29,2,8.9,1
397,12,0.76,593,Gold,2,5,4.57,2.91,0,3.7,1
398,16,3.34,597,Bronze,0,4,3.53,4.21,0,23.3,1
399,17,3.34,528,Silver,1,2,4.6,0.95,2,1.9,1
400,14,4.3,320,Silver,1,3,4.28,2.45,3,86.1,0
401,19,1.84,443,Bronze,0,6,3.2,4.19,0,42.7,1
402,15,6.34,1215,Platinum,3,8,4.14,2.82,2,24.9,1
403,13,4.39,892,Gold,2,6,2.15,3.18,1,7.7,1
404,9,1.79,904,Bronze,0,5,4.75,2.45,2,62.9,1
405,23,1.36,985,Platinum,3,3,4.84,4.02,0,51.9,1
406,16,2.26,1290,Gold,2,3,4.75,1.81,1,1.1,1
407,12,1.74,536,Bronze,0,1,3.95,3.03,0,40.5,1
408,31,1.17,804,Gold,2,6,2.44,4.55,3,10.9,1
409,14,2.65,244,Bronze,0,4,2.69,2.09,3,67.5,0
410,10,2.03,1172,Platinum,3,8,3.73,4.52,2,2.1,1
411,14,7.36,550,Silver,1,7,3.97,4.69,0,8.2,1
412,13,1.74,521,Silver,1,9,3.23,4.21,0,102.3,0
413,10,1.35,756,Bronze,0,5,3.46,3.23,2,13.4,1
414,23,2.52,1032,Gold,2,3,3.14,3.42,0,10.7,0
415,15,3.04,726,Bronze,0,5,3.63,4.29,2,0.3,1
416,14,3.21,428,Bronze,0,4,3.94,3.38,2,30.5,0
417,12,3.19,490,Bronze,0,3,2.7,3.49,2,2.6,1
418,20,2.59,788,Gold,2,7,4.01,2.11,1,29.4,1
419,12,2.44,657,Bronze,0,6,4.55,2.85,3,13.4,1
420,14,3.88,1261,Platinum,3,3,4.33,3.04,2,16.7,1
421,28,1.08,724,Silver,1,3,3.61,3.63,1,14.1,1
422,13,1.35,895,Bronze,0,6,4.28,3.9,0,17.0,1
423,14,0.58,679,Bronze,0,7,4.18,2.51,1,39.1,1
424,17,1.09,453,Bronze,0,6,3.62,1.75,0,21.4,0
425,17,5.12,816,Silver,1,3,3.47,2.65,0,80.8,1
426,13,3.77,1141,Gold,2,5,4.32,4.62,3,68.4,0
427,18,8.01,900,Bronze,0,7,4.31,4.66,1,70.2,1
428,13,6.78,1037,Gold,2,1,1.89,2.74,1,101.0,0
429,16,3.79,505,Bronze,0,9,4.05,3.57,0,2.2,1
430,21,2.81,757,Gold,2,7,4.34,3.56,1,54.2,1
431,10,2.56,1065,Platinum,3,5,4.28,2.16,1,4.2,0
432,18,0.27,1135,Gold,2,3,4.22,2.74,1,10.2,1
433,16,2.35,737,Silver,1,5,2.06,3.1,3,4.8,0
434,13,1.56,891,Gold,2,6,2.27,3.9,2,11.0,0
435,15,1.14,510,Bronze,0,6,1.58,3.25,1,5.1,1
436,11,3.37,434,Bronze,0,7,2.45,4.48,2,44.8,0
437,12,2.13,468,Bronze,0,6,4.75,3.28,0,59.6,0
438,9,2.68,677,Silver,1,7,4.19,2.32,2,64.5,0
439,12,0.99,1144,Gold,2,4,4.28,2.09,0,26.0,1
440,12,4.52,602,Silver,1,4,3.92,4.15,2,35.0,1
441,13,1.73,811,Gold,2,3,3.45,3.79,0,33.9,1
442,13,3.25,327,Bronze,0,4,3.87,1.98,0,29.9,0
443,9,1.85,943,Gold,2,7,4.22,3.99,1,6.3,1
444,11,0.21,773,Bronze,0,6,2.43,3.63,1,37.9,1
445,15,3.47,825,Bronze,0,5,3.13,3.59,0,0.6,1
446,13,2.24,841,Gold,2,2,3.02,4.76,1,70.4,1
447,21,0.54,1065,Platinum,3,3,3.87,4.48,2,1.3,1
448,13,0.88,619,Silver,1,7,3.57,2.97,1,59.1,1
449,18,4.61,606,Bronze,0,0,1.11,4.01,1,59.3,0
450,17,0.57,713,Silver,1,7,3.62,4.7,1,64.2,1
451,18,1.69,512,Bronze,0,9,3.86,3.97,1,61.6,1
452,16,8.47,828,Gold,2,6,3.79,4.3,1,23.3,1
453,9,3.54,890,Gold,2,8,2.69,4.38,0,1.0,1
454,14,4.18,441,Bronze,0,4,3.87,1.41,0,96.6,1
455,14,1.99,452,Bronze,0,8,3.22,4.15,0,2.3,1
456,14,0.49,841,Bronze,0,10,2.79,3.54,1,25.6,1
457,20,2.87,1492,Platinum,3,6,4.51,3.95,0,46.4,1
458,21,0.94,409,Silver,1,7,2.6,3.47,2,17.9,0
459,13,0.86,548,Gold,2,5,3.07,3.52,1,11.5,1
460,14,2.63,459,Silver,1,5,3.51,3.55,2,8.0,0
461,15,1.01,629,Silver,1,7,3.93,4.32,4,17.2,1
462,13,2.41,679,Bronze,0,7,4.65,1.3,2,5.8,1
463,14,1.39,1068,Platinum,3,5,3.19,1.72,0,96.0,1
464,19,2.34,534,Bronze,0,6,3.67,3.14,0,0.3,1
465,15,1.6,756,Silver,1,4,3.73,2.6,0,5.4,1
466,19,2.39,512,Silver,1,4,2.69,3.43,2,23.8,1
467,9,6.41,601,Silver,1,4,4.37,3.87,1,24.9,1
468,18,4.24,946,Platinum,3,1,3.62,4.08,2,49.7,1
469,16,2.19,183,Bronze,0,10,4.11,4.66,2,64.6,1
470,8,5.74,418,Silver,1,9,2.15,3.42,1,10.5,1
471,12,3.28,426,Silver,1,2,3.14,3.77,0,37.8,0
472,10,5.47,803,Silver,1,7,4.78,3.91,1,23.0,1
473,21,0.63,549,Bronze,0,3,4.67,2.94,2,25.3,1
474,13,1.02,622,Bronze,0,7,3.31,4.03,3,11.3,0
475,18,2.85,132,Bronze,0,4,2.22,4.08,1,30.2,1
476,10,2.15,203,Bronze,0,4,4.17,4.2,2,10.1,1
477,20,2.4,783,Silver,1,9,2.47,3.01,3,5.2,0
478,22,3.67,94,Silver,1,7,3.13,3.38,2,10.0,1
479,23,2.87,895,Silver,1,5,4.32,4.11,0,9.2,1
480,13,4.53,285,Silver,1,3,4.61,3.01,2,72.6,0
481,14,4.44,819,Silver,1,6,3.68,2.77,1,7.2,1
482,21,1.06,322,Bronze,0,5,4.5,4.41,2,0.9,1
483,17,0.22,860,Silver,1,5,4.52,3.74,2,5.5,1
484,13,1.0,1142,Bronze,0,3,2.39,3.54,3,13.1,0
485,10,0.94,45,Bronze,0,2,4.88,4.63,0,44.9,1
486,13,2.54,789,Silver,1,7,2.39,4.23,2,10.1,0
487,12,2.51,288,Silver,1,6,4.5,3.06,1,10.0,1
488,13,2.05,585,Bronze,0,6,2.36,2.16,1,1.3,0
489,14,3.37,609,Silver,1,9,2.51,4.13,0,19.2,1
490,12,10.98,676,Silver,1,2,4.26,1.85,2,19.6,1
491,14,2.02,618,Gold,2,3,4.41,4.42,1,10.9,0
492,15,2.93,806,Silver,1,11,4.14,3.4,0,9.5,1
493,13,2.4,360,Silver,1,2,3.56,4.44,1,53.1,1
494,21,1.49,748,Bronze,0,7,2.46,3.3,0,21.2,0
495,7,3.69,718,Gold,2,7,4.43,2.69,1,12.4,1
496,14,1.94,369,Silver,1,5,2.77,1.94,0,1.0,1
497,16,1.23,969,Silver,1,6,4.03,3.2,3,4.0,1
498,18,1.31,637,Silver,1,10,4.02,3.05,0,41.1,1
499,16,4.64,882,Bronze,0,5,3.48,3.51,0,23.2,1
500,20,3.63,894,Silver,1,3,4.63,4.16,1,42.9,1
501,16,1.63,640,Gold,2,4,4.46,2.46,1,28.4,1
502,20,3.33,783,Gold,2,3,4.53,3.65,1,6.5,1
503,14,2.42,974,Platinum,3,4,4.65,2.89,0,139.4,1
504,13,2.97,955,Silver,1,3,4.9,3.14,1,7.2,1
505,11,1.45,738,Silver,1,7,2.8,3.62,0,39.4,1
506,11,0.97,835,Gold,2,2,4.24,2.67,0,9.1,1
507,16,1.93,460,Bronze,0,4,4.06,2.56,1,38.9,1
508,12,1.13,790,Gold,2,7,4.51,2.81,1,38.4,1
509,18,1.05,911,Silver,1,6,3.61,1.94,1,33.3,1
510,23,0.67,501,Bronze,0,2,3.35,2.33,3,145.4,0
511,15,0.22,421,Bronze,0,11,3.07,3.43,1,10.9,0
512,14,1.65,687,Gold,2,3,2.74,3.3,0,0.9,1
513,15,5.25,389,Bronze,0,5,2.9,4.03,1,10.5,1
514,16,4.38,220,Bronze,0,4,4.17,4.09,0,14.9,1
515,14,7.06,350,Bronze,0,4,3.98,3.36,1,12.9,1
516,13,1.01,800,Bronze,0,6,3.08,2.67,1,69.1,1
517,11,3.87,459,Bronze,0,6,3.9,4.47,1,81.2,0
518,15,2.19,941,Gold,2,4,3.32,4.73,1,24.2,1
519,4,1.31,4,Bronze,0,3,4.7,2.47,0,63.4,1
520,14,4.84,914,Gold,2,2,3.23,3.05,1,24.4,1
521,11,2.2,768,Gold,2,1,1.85,2.92,1,52.3,0
522,16,0.42,404,Bronze,0,2,4.1,3.01,1,3.6,0
523,16,4.35,536,Bronze,0,6,1.95,4.64,1,53.3,1
524,19,3.17,551,Silver,1,5,3.0,4.03,0,22.2,0
525,14,2.65,75,Bronze,0,2,3.28,3.67,0,142.2,0
526,20,0.83,684,Bronze,0,0,2.44,2.45,2,6.5,0
527,16,2.88,999,Platinum,3,7,3.53,4.51,0,49.8,1
528,11,6.42,887,Platinum,3,9,3.18,3.36,0,34.5,1
529,18,3.1,607,Gold,2,6,2.63,3.18,0,24.8,1
530,18,0.58,206,Bronze,0,6,4.12,3.98,1,8.2,1
531,9,3.28,695,Silver,1,4,2.71,4.89,2,45.9,0
532,12,3.13,1123,Gold,2,5,3.24,1.0,0,5.7,0
533,14,4.09,541,Bronze,0,3,1.55,2.47,0,3.1,0
534,15,3.07,373,Silver,1,1,1.44,4.25,0,9.2,0
535,19,1.06,545,Bronze,0,3,4.42,3.66,1,6.8,0
536,15,2.54,489,Bronze,0,7,4.27,2.89,0,8.4,1
537,17,1.96,823,Silver,1,3,4.07,4.31,0,37.7,1
538,12,2.77,621,Bronze,0,5,2.52,3.51,1,6.3,1
539,13,4.96,0,Bronze,0,3,3.33,3.01,2,75.4,0
540,14,1.39,909,Gold,2,8,3.05,4.67,1,43.1,1
541,13,7.78,749,Platinum,3,8,3.08,3.14,1,8.8,1
542,13,3.26,366,Silver,1,6,2.83,4.1,0,14.5,0
543,20,4.37,762,Gold,2,4,4.63,1.69,0,32.3,1
544,10,3.97,1032,Platinum,3,1,4.25,2.59,0,6.1,1
545,20,3.17,172,Bronze,0,5,3.56,3.26,2,124.4,0
546,10,3.6,791,Silver,1,5,3.32,4.36,3,8.6,1
547,18,0.02,653,Bronze,0,7,4.02,4.71,1,2.7,1
548,16,3.96,509,Bronze,0,3,2.15,3.58,0,102.8,0
549,13,1.13,626,Gold,2,1,3.66,3.22,0,27.7,1
550,12,2.31,454,Silver,1,7,4.63,3.86,1,1.7,1
551,10,3.15,855,Silver,1,5,3.17,1.8,0,43.2,0
552,16,5.12,198,Bronze,0,1,2.08,4.73,2,2.3,0
553,19,1.13,713,Bronze,0,4,3.11,3.44,0,4.9,1
554,16,1.69,917,Platinum,3,6,3.93,1.53,3,6.8,1
555,13,1.88,481,Bronze,0,2,3.28,2.71,1,14.9,1
556,14,2.8,158,Bronze,0,9,4.17,2.68,2,2.1,1
557,15,1.97,471,Bronze,0,4,2.15,3.94,0,19.3,1
558,12,3.61,773,Silver,1,5,3.57,4.27,2,30.0,1
559,10,0.44,383,Silver,1,2,4.03,4.39,1,14.0,1
560,18,2.17,750,Silver,1,6,2.9,3.65,3,0.1,0
561,21,6.85,518,Bronze,0,5,3.82,2.5,0,45.9,1
562,8,1.97,371,Bronze,0,5,4.01,2.38,0,14.1,1
563,16,3.27,971,Gold,2,5,2.55,3.48,0,67.9,1
564,19,4.59,210,Silver,1,9,3.86,3.44,1,13.8,1
565,16,3.2,719,Silver,1,8,3.82,4.41,0,1.5,1
566,16,8.24,974,Silver,1,0,3.3,2.4,0,18.2,0
567,14,2.59,1088,Gold,2,2,4.85,4.72,3,71.5,1
568,11,3.74,578,Bronze,0,2,3.58,3.73,1,61.8,1
569,15,2.89,440,Bronze,0,7,3.38,2.67,1,48.4,1
570,16,5.95,523,Silver,1,5,3.05,4.48,4,18.5,1
571,17,1.75,439,Bronze,0,6,2.56,4.45,0,6.4,1
572,17,8.68,909,Gold,2,6,4.11,4.27,1,7.8,1
573,16,1.42,489,Silver,1,6,4.32,2.18,1,0.0,1
574,16,7.28,951,Gold,2,4,3.39,3.3,2,12.3,1
575,12,1.02,1227,Gold,2,8,2.48,4.98,0,1.2,1
576,20,3.83,638,Silver,1,6,4.3,3.22,1,33.5,1
577,9,2.42,681,Platinum,3,2,3.46,2.19,2,22.8,0
578,11,4.52,381,Silver,1,4,4.4,4.22,2,9.6,1
579,19,3.33,955,Gold,2,2,4.83,3.24,3,47.8,1
580,16,4.35,488,Bronze,0,2,4.41,2.93,1,2.6,1
581,14,0.99,825,Silver,1,4,3.79,2.76,1,37.9,0
582,18,0.53,543,Silver,1,7,3.96,2.5,0,37.5,0
583,13,0.84,666,Bronze,0,1,4.28,3.03,0,16.8,1
584,10,0.82,468,Bronze,0,4,4.62,2.33,0,65.3,1
585,15,0.97,803,Platinum,3,5,3.11,4.0,4,34.9,0
586,9,1.5,570,Silver,1,5,3.92,3.6,2,37.3,1
587,19,1.49,261,Bronze,0,5,2.55,1.97,2,100.1,0
588,18,2.46,898,Bronze,0,8,3.96,4.41,1,60.6,1
589,9,1.21,481,Bronze,0,4,4.8,3.15,2,22.5,0
590,25,1.29,629,Bronze,0,4,4.92,1.91,2,0.9,0
591,20,2.07,843,Platinum,3,1,3.31,4.53,2,0.0,1
592,16,4.95,440,Silver,1,5,4.06,4.0,1,58.9,1
593,19,1.73,453,Bronze,0,2,3.28,2.62,0,32.3,0
594,12,2.34,870,Silver,1,7,2.67,1.99,1,102.6,0
595,15,2.64,396,Bronze,0,5,3.34,2.9,2,27.0,0
596,14,1.08,326,Bronze,0,1,3.45,3.98,1,40.1,1
597,10,1.87,831,Gold,2,1,2.55,3.92,2,105.9,0
598,12,1.38,750,Silver,1,4,3.7,2.28,1,35.9,0
599,10,4.64,1279,Platinum,3,7,4.38,3.68,0,23.5,1
600,15,4.38,721,Silver,1,2,3.52,4.56,0,18.3,1
601,10,1.26,779,Silver,1,6,2.19,1.44,3,61.2,0
602,13,2.31,944,Gold,2,4,3.7,4.31,1,14.3,1
603,21,3.74,719,Platinum,3,0,4.22,1.51,0,34.2,0
604,19,3.07,607,Gold,2,4,3.05,4.04,0,18.6,1
605,16,3.32,733,Platinum,3,6,3.49,2.44,1,102.9,0
606,17,1.09,534,Gold,2,8,4.13,4.53,1,15.2,1
607,24,7.11,959,Gold,2,4,2.49,3.91,3,41.6,0
608,18,1.48,558,Bronze,0,6,2.03,2.55,1,78.5,0
609,15,1.44,816,Gold,2,3,3.92,3.25,1,35.5,1
610,13,0.75,131,Silver,1,9,3.31,2.38,2,6.2,0
611,15,2.14,1061,Silver,1,5,4.35,3.07,1,7.2,1
612,26,5.32,471,Silver,1,8,3.92,4.37,1,4.7,1
613,13,3.05,1360,Platinum,3,5,3.81,2.16,0,30.7,0
614,15,2.27,660,Platinum,3,4,2.57,3.75,0,23.8,1
615,12,4.16,338,Bronze,0,7,2.41,2.91,0,24.4,0
616,15,5.23,359,Gold,2,2,4.41,3.05,0,37.9,1
617,16,4.37,872,Gold,2,4,4.47,2.93,1,4.2,1
618,18,0.38,280,Bronze,0,2,4.39,3.51,1,43.9,1
619,16,4.18,285,Bronze,0,8,4.43,1.96,1,0.4,1
620,5,3.41,225,Bronze,0,8,4.37,3.37,0,0.1,1
621,15,1.24,955,Gold,2,10,3.18,1.89,3,8.3,0
622,17,3.42,792,Silver,1,4,4.34,3.7,3,3.9,1
623,10,5.32,1312,Platinum,3,3,3.56,2.23,0,10.7,1
624,8,1.53,513,Silver,1,5,3.53,2.58,0,65.3,0
625,13,4.59,994,Platinum,3,2,3.05,2.15,1,99.4,0
626,14,3.1,392,Silver,1,4,3.85,3.74,0,5.8,1
627,17,0.06,733,Gold,2,6,4.1,3.69,2,23.6,0
628,9,2.4,396,Bronze,0,4,4.35,4.49,1,39.9,0
629,14,3.01,743,Silver,1,6,4.01,2.71,1,4.4,1
630,14,1.93,1003,Gold,2,6,4.31,2.17,0,11.1,1
631,16,3.18,1148,Platinum,3,5,4.0,3.26,1,24.8,1
632,17,2.21,631,Gold,2,2,4.82,3.22,2,0.7,0
633,20,9.84,700,Bronze,0,4,4.14,3.51,0,19.4,1
634,15,1.82,491,Bronze,0,4,4.59,2.93,0,4.9,1
635,12,1.27,435,Bronze,0,5,2.53,2.09,0,16.0,0
636,12,4.43,358,Bronze,0,8,2.34,4.67,2,0.3,1
637,16,2.01,538,Silver,1,2,4.56,3.89,0,13.7,1
638,16,2.3,1148,Gold,2,6,4.57,2.06,3,2.4,1
639,12,2.15,861,Gold,2,6,3.07,3.3,1,40.7,0
640,8,4.26,835,Gold,2,5,4.13,3.94,1,10.9,1
641,21,0.97,748,Gold,2,6,1.61,3.75,1,6.3,1
642,15,4.58,1289,Gold,2,5,2.45,2.77,1,19.8,0
643,15,3.61,761,Bronze,0,5,2.65,4.84,1,47.2,1
644,19,7.79,356,Bronze,0,9,3.9,3.47,1,1.0,1
645,16,2.84,595,Silver,1,4,4.23,3.76,2,12.3,1
646,14,1.03,757,Gold,2,5,3.38,3.8,0,26.4,1
647,14,2.86,529,Bronze,0,6,4.57,2.24,0,11.8,1
648,9,3.13,510,Silver,1,6,3.62,1.84,0,61.8,0
649,19,5.64,738,Silver,1,6,3.64,4.27,1,32.9,1
650,14,1.03,790,Bronze,0,4,4.41,3.82,0,125.9,1
651,15,0.58,387,Silver,1,7,3.45,2.53,0,15.3,1
652,21,2.91,574,Gold,2,8,4.32,3.81,0,71.5,1
653,16,8.02,553,Silver,1,5,3.63,3.78,0,8.1,1
654,16,3.99,413,Bronze,0,7,2.23,3.87,1,51.8,0
655,14,4.16,1200,Gold,2,6,4.12,4.22,2,6.7,1
656,16,0.73,700,Bronze,0,6,2.45,2.97,2,64.6,0
657,15,2.56,989,Gold,2,8,4.42,2.78,0,17.1,1
658,18,5.71,447,Bronze,0,5,4.33,3.53,1,16.0,1
659,10,3.16,593,Silver,1,3,3.04,3.16,1,14.0,1
660,12,0.53,210,Bronze,0,7,4.56,1.67,1,32.6,0
661,12,2.52,656,Bronze,0,6,2.56,1.18,0,19.8,0
662,12,3.8,898,Gold,2,8,2.57,4.37,0,99.4,1
663,23,2.32,757,Bronze,0,4,3.46,3.94,1,22.1,1
664,20,1.15,458,Bronze,0,7,2.36,2.81,0,109.9,0
665,19,4.52,472,Bronze,0,10,2.18,4.22,0,16.6,1
666,14,1.76,834,Gold,2,6,3.75,3.33,3,7.1,1
667,17,3.38,978,Gold,2,6,3.8,3.79,2,33.9,1
668,14,2.47,656,Platinum,3,6,4.4,3.58,2,15.4,1
669,17,1.71,647,Bronze,0,2,4.29,3.17,0,22.2,1
670,21,8.62,646,Silver,1,7,4.31,3.56,0,20.4,1
671,11,1.55,288,Bronze,0,13,4.41,4.57,3,67.8,1
672,27,2.63,233,Silver,1,4,2.87,1.9,3,26.7,0
673,12,2.47,923,Platinum,3,6,3.97,1.93,1,8.0,1
674,20,2.85,1090,Gold,2,8,4.24,2.37,0,21.8,1
675,15,8.2,985,Silver,1,4,3.28,3.93,0,25.4,1
676,13,3.8,571,Bronze,0,3,3.89,2.62,0,24.4,1
677,11,1.69,1342,Platinum,3,8,2.77,4.66,0,44.1,1
678,19,6.56,641,Silver,1,7,4.25,4.08,0,0.5,1
679,14,4.27,691,Bronze,0,5,4.77,4.14,1,0.9,1
680,16,1.72,410,Bronze,0,5,3.57,3.36,1,33.7,0
681,12,5.9,397,Bronze,0,8,4.45,3.67,3,0.8,1
682,11,0.72,364,Bronze,0,5,2.47,4.01,1,106.1,0
683,17,0.93,88,Bronze,0,4,3.64,4.43,1,50.8,1
684,9,0.5,907,Silver,1,5,2.52,4.07,0,56.8,0
685,11,0.28,522,Silver,1,6,3.15,3.61,0,1.9,1
686,13,5.62,340,Bronze,0,3,3.98,4.76,1,38.8,0
687,11,2.88,414,Silver,1,6,3.38,1.49,1,16.3,0
688,15,0.55,909,Platinum,3,4,3.27,4.57,0,22.3,1
689,11,2.42,1153,Gold,2,3,4.95,3.46,0,52.0,0
690,19,4.69,1069,Silver,1,5,3.3,2.03,2,30.4,0
691,20,1.33,168,Bronze,0,4,3.54,3.14,0,1.7,1
692,20,1.93,729,Gold,2,5,3.11,4.07,0,97.6,0
693,17,8.88,293,Bronze,0,5,3.81,2.75,1,88.3,0
694,9,2.07,698,Bronze,0,4,3.39,3.65,0,0.9,1
695,14,0.6,1007,Platinum,3,3,3.1,2.36,2,36.2,1
696,21,1.61,523,Silver,1,6,4.2,2.51,0,35.5,0
697,18,0.51,815,Gold,2,4,4.29,3.88,5,4.3,1
698,17,4.02,555,Silver,1,7,3.06,3.11,1,34.8,0
699,12,1.16,973,Silver,1,6,3.29,2.27,0,8.2,1
700,9,1.13,609,Bronze,0,2,3.02,2.86,2,21.8,0
701,17,9.42,634,Bronze,0,4,2.99,4.49,2,0.5,1
702,11,0.83,0,Bronze,0,6,4.41,3.84,1,32.2,0
703,17,0.69,487,Bronze,0,7,2.55,3.68,4,54.5,0
704,22,0.98,1217,Gold,2,3,2.05,4.1,1,17.7,1
705,19,4.79,765,Bronze,0,7,4.34,4.21,0,6.3,1
706,20,3.66,281,Silver,1,2,1.34,2.57,1,3.0,1
707,16,1.59,737,Gold,2,3,3.38,4.28,1,2.9,1
708,17,1.47,560,Gold,2,5,4.72,3.55,0,20.2,1
709,10,3.46,992,Silver,1,7,3.52,4.54,0,83.6,1
710,13,2.96,699,Silver,1,5,3.24,4.52,0,62.0,1
711,11,2.18,796,Platinum,3,8,4.48,3.26,1,52.3,0
712,17,3.75,657,Silver,1,7,1.67,1.36,1,44.1,0
713,12,0.92,279,Gold,2,9,2.87,3.47,1,9.4,1
714,14,1.18,733,Platinum,3,10,3.86,3.3,4,4.8,0
715,12,3.89,807,Gold,2,6,3.99,3.9,0,0.3,1
716,15,3.15,669,Bronze,0,6,2.93,2.22,1,34.4,0
717,11,2.55,262,Silver,1,4,4.0,4.31,2,63.3,1
718,14,9.2,424,Bronze,0,3,4.79,4.57,1,79.8,0
719,17,4.35,852,Silver,1,9,3.43,3.18,2,74.5,1
720,17,1.63,660,Platinum,3,8,4.71,4.61,1,34.1,1
721,13,1.28,696,Silver,1,10,4.27,4.29,2,20.8,0
722,19,3.26,663,Silver,1,7,3.14,4.76,1,4.1,1
723,14,5.61,843,Bronze,0,3,4.45,3.48,2,52.8,1
724,11,0.42,904,Platinum,3,9,3.72,4.57,0,49.7,1
725,12,3.09,466,Bronze,0,9,3.14,3.88,1,83.8,1
726,18,1.9,671,Bronze,0,4,3.66,3.84,0,59.0,1
727,14,2.88,235,Bronze,0,5,2.27,3.6,1,40.5,0
728,19,0.64,456,Bronze,0,4,2.62,3.84,1,9.1,0
729,17,5.6,559,Silver,1,6,1.6,4.81,1,8.0,1
730,18,6.66,622,Silver,1,5,3.54,2.73,0,20.3,0
731,14,4.07,670,Bronze,0,6,3.64,2.17,1,86.9,1
732,13,7.58,611,Bronze,0,9,2.49,4.89,1,1.3,1
733,14,1.82,350,Bronze,0,3,2.8,3.74,1,13.3,1
734,14,3.03,527,Bronze,0,6,4.02,3.64,0,46.2,1
735,22,4.11,798,Bronze,0,6,4.78,1.22,1,58.8,0
736,16,3.29,484,Silver,1,5,3.23,3.24,2,14.0,1
737,10,2.02,529,Bronze,0,6,4.34,4.3,1,46.4,1
738,12,2.2,461,Bronze,0,2,2.55,2.21,2,10.4,0
739,15,6.26,487,Bronze,0,7,3.2,4.73,0,11.5,1
740,10,2.45,324,Silver,1,5,4.62,2.81,1,29.3,1
741,16,5.39,782,Bronze,0,1,3.79,3.25,2,38.6,0
742,15,2.35,345,Bronze,0,2,2.78,1.26,3,72.4,0
743,9,5.37,1005,Gold,2,3,1.99,3.02,1,107.5,1
744,16,2.66,376,Bronze,0,3,2.59,2.68,3,8.9,0
745,28,3.87,525,Silver,1,5,0.84,1.56,2,12.6,0
746,16,1.42,893,Silver,1,4,3.73,3.47,0,9.7,1
747,14,3.03,699,Bronze,0,8,2.77,3.1,0,8.6,1
748,14,1.44,692,Silver,1,5,4.12,3.09,1,85.8,1
749,26,1.79,952,Gold,2,5,4.92,4.02,0,7.3,1
750,22,1.91,742,Gold,2,3,4.11,4.0,2,13.7,1
751,17,2.17,498,Bronze,0,4,3.86,4.25,3,6.6,1
752,15,4.95,368,Bronze,0,2,4.17,3.8,1,35.6,1
753,14,1.73,681,Bronze,0,4,4.26,4.35,2,47.9,1
754,12,2.8,511,Silver,1,4,4.32,2.15,0,39.6,0
755,10,5.38,947,Silver,1,4,3.65,4.22,0,1.7,1
756,17,3.82,437,Bronze,0,5,2.7,2.7,0,35.8,0
757,13,0.43,504,Bronze,0,3,3.76,4.3,0,33.4,1
758,16,0.62,1102,Platinum,3,5,3.67,2.78,1,11.9,1
759,16,3.33,505,Bronze,0,6,3.6,4.86,3,70.7,0
760,17,1.66,590,Silver,1,3,3.51,3.32,0,87.3,0
761,13,0.53,794,Gold,2,6,3.62,4.4,0,78.6,1
762,12,1.56,679,Bronze,0,5,4.16,3.31,1,17.8,0
763,19,3.43,367,Bronze,0,2,4.53,2.58,1,76.7,0
764,12,1.89,475,Bronze,0,6,4.52,3.19,0,39.4,1
765,13,2.6,952,Platinum,3,3,4.59,2.54,0,25.2,1
766,15,2.03,673,Bronze,0,4,4.32,2.23,1,0.6,1
767,10,1.38,480,Bronze,0,2,3.33,3.25,1,12.0,1
768,12,2.98,862,Bronze,0,3,3.6,4.6,0,46.3,1
769,9,0.47,469,Bronze,0,4,3.62,2.14,0,18.9,1
770,12,1.23,602,Silver,1,6,4.55,4.35,3,14.5,1
771,13,4.34,466,Bronze,0,13,4.16,4.27,1,7.3,1
772,16,0.64,387,Silver,1,2,4.73,4.62,2,37.6,0
773,15,2.5,443,Silver,1,4,4.26,4.22,0,26.2,1
774,15,1.77,694,Gold,2,2,4.35,2.53,1,40.7,1
775,17,1.64,727,Bronze,0,6,1.75,1.03,0,48.7,1
776,16,4.63,793,Gold,2,5,4.56,4.52,1,16.6,1
777,9,5.27,553,Silver,1,4,3.79,2.19,1,23.0,0
778,8,0.97,745,Bronze,0,5,4.47,4.2,1,4.1,1
779,10,2.18,1110,Gold,2,5,2.92,2.01,1,33.2,0
780,13,0.34,1051,Gold,2,4,1.98,2.81,1,8.4,0
781,16,4.45,329,Bronze,0,3,3.5,2.3,2,7.8,1
782,17,2.4,851,Platinum,3,5,2.96,1.94,0,22.9,0
783,19,0.6,1013,Silver,1,7,4.34,2.78,0,46.0,1
784,12,1.28,698,Silver,1,3,3.64,2.72,2,14.2,0
785,16,0.89,896,Platinum,3,4,3.28,3.99,1,35.5,1
786,18,1.22,644,Bronze,0,5,2.32,4.33,3,12.6,1
787,12,0.38,1001,Gold,2,3,3.84,2.8,1,38.1,1
788,23,6.21,386,Bronze,0,8,3.06,4.37,1,23.2,1
789,13,1.01,844,Gold,2,6,3.55,4.21,1,1.4,1
790,14,2.49,835,Silver,1,4,3.35,2.78,0,14.3,1
791,15,3.4,268,Bronze,0,9,2.59,2.87,1,79.2,0
792,13,5.28,652,Silver,1,3,3.88,4.16,2,52.1,0
793,12,2.56,277,Bronze,0,4,4.81,4.67,2,23.1,0
794,16,2.01,303,Bronze,0,1,4.41,4.07,2,8.4,1
795,19,2.64,387,Bronze,0,8,4.8,1.6,1,46.5,0
796,12,0.97,595,Bronze,0,2,4.43,2.57,1,33.7,0
797,16,1.05,436,Bronze,0,2,4.78,4.8,0,38.1,1
798,11,1.97,370,Bronze,0,6,3.18,2.25,1,4.7,1
799,14,0.23,810,Gold,2,2,3.61,4.85,2,26.4,1
800,18,1.4,571,Gold,2,2,4.19,3.41,2,68.1,0
801,14,1.68,886,Gold,2,7,3.73,4.04,1,18.9,1
802,22,8.34,726,Bronze,0,4,4.1,4.77,0,9.3,1
803,20,5.75,784,Gold,2,1,3.94,4.06,3,50.5,0
804,17,3.39,609,Silver,1,1,3.59,1.92,1,10.3,0
805,16,4.53,575,Bronze,0,7,3.02,2.93,1,11.6,1
806,16,1.04,94,Bronze,0,6,3.81,3.83,2,41.7,1
807,11,2.7,757,Silver,1,1,4.11,4.69,2,22.8,1
808,16,4.14,1120,Bronze,0,2,4.47,2.18,0,7.5,0
809,12,1.05,625,Silver,1,8,3.76,4.71,1,13.0,0
810,13,0.62,926,Platinum,3,1,3.96,2.51,0,40.5,1
811,14,3.14,649,Bronze,0,5,4.48,3.56,3,46.5,0
812,18,0.7,829,Bronze,0,5,1.76,3.41,2,10.0,1
813,19,3.62,1145,Platinum,3,3,4.49,4.05,0,4.4,1
814,13,5.22,219,Silver,1,7,4.4,4.04,2,5.6,1
815,16,1.08,613,Bronze,0,2,2.93,1.14,2,14.6,0
816,11,1.16,1314,Gold,2,6,3.86,3.33,1,13.0,1
817,17,5.11,924,Gold,2,6,3.75,3.91,1,28.5,1
818,18,2.57,419,Silver,1,4,4.62,4.27,1,17.6,1
819,11,4.65,706,Silver,1,8,4.49,2.02,1,8.7,1
820,15,2.03,244,Bronze,0,3,4.06,2.85,1,78.0,0
821,15,2.15,747,Bronze,0,8,3.01,2.79,0,8.6,1
822,8,2.52,459,Silver,1,6,4.09,4.31,0,13.3,1
823,12,7.24,515,Bronze,0,5,2.45,3.64,2,9.7,1
824,24,4.4,478,Silver,1,5,4.21,4.72,1,6.9,1
825,17,1.36,691,Gold,2,4,3.16,4.28,1,7.2,0
826,13,2.85,797,Bronze,0,4,3.75,1.35,3,0.8,0
827,13,1.92,671,Silver,1,3,3.66,1.99,2,2.7,0
828,17,1.64,388,Bronze,0,0,4.47,2.07,0,10.0,1
829,14,3.55,571,Gold,2,4,2.77,4.09,1,4.8,1
830,10,3.05,126,Bronze,0,3,3.11,3.83,1,11.7,1
831,12,1.09,400,Silver,1,6,3.74,3.3,1,63.4,0
832,10,2.53,672,Silver,1,6,4.83,4.06,0,2.8,1
833,13,1.59,696,Bronze,0,8,3.8,3.78,0,6.9,1
834,11,3.39,538,Silver,1,5,3.95,4.12,2,128.3,0
835,15,1.53,1114,Gold,2,6,3.76,4.08,2,40.6,1
836,14,2.16,506,Silver,1,6,4.04,2.75,1,59.9,1
837,9,1.67,752,Gold,2,8,2.8,3.95,1,2.1,1
838,20,0.45,734,Platinum,3,3,1.93,4.15,2,1.9,0
839,18,7.0,848,Silver,1,5,3.09,4.46,1,58.6,1
840,13,2.5,1070,Silver,1,8,3.49,2.25,2,0.9,1
841,19,7.16,148,Bronze,0,4,3.66,4.22,1,50.9,1
842,18,2.59,731,Gold,2,9,2.94,2.58,1,0.0,1
843,20,4.01,903,Silver,1,4,4.07,2.53,1,38.6,1
844,13,1.44,361,Silver,1,2,4.27,3.36,0,28.2,1
845,11,1.48,613,Bronze,0,7,3.79,2.17,0,58.6,1
846,8,2.4,1044,Gold,2,3,2.89,3.67,0,5.7,1
847,21,7.12,516,Bronze,0,4,4.03,2.51,0,2.3,1
848,10,1.12,760,Silver,1,8,4.72,2.93,0,9.3,1
849,16,0.34,852,Bronze,0,7,3.81,4.05,1,17.3,1
850,9,5.03,1340,Platinum,3,4,3.37,3.1,1,0.2,1
851,8,4.19,488,Bronze,0,8,4.69,2.66,2,32.8,1
852,17,1.75,394,Bronze,0,2,4.66,1.87,0,38.6,0
853,20,8.99,616,Gold,2,4,3.21,2.32,1,18.7,0
854,22,9.24,1145,Platinum,3,5,3.97,3.29,0,17.2,1
855,15,0.42,226,Bronze,0,1,2.25,1.95,1,12.2,0
856,7,1.42,599,Silver,1,3,4.58,4.42,2,19.9,1
857,10,2.39,821,Gold,2,4,4.48,4.72,2,0.8,1
858,11,3.32,699,Gold,2,7,3.47,2.76,2,45.7,1
859,16,2.97,556,Bronze,0,5,4.37,3.79,0,10.8,1
860,17,2.5,1163,Silver,1,8,4.27,2.63,0,77.1,1
861,16,0.97,776,Gold,2,9,4.45,3.53,1,1.5,1
862,21,3.63,713,Gold,2,7,4.28,3.76,1,31.7,1
863,22,3.77,1003,Gold,2,2,2.14,2.78,2,35.4,0
864,9,4.79,698,Silver,1,4,4.4,2.61,0,5.3,1
865,13,0.85,788,Bronze,0,4,3.67,3.93,2,108.8,0
866,19,2.1,983,Platinum,3,8,3.34,4.88,2,60.2,1
867,10,1.68,750,Gold,2,2,2.95,3.27,0,30.5,0
868,13,0.83,443,Gold,2,4,4.51,2.35,3,80.5,0
869,12,2.07,176,Bronze,0,10,3.9,4.67,1,27.5,1
870,12,1.02,133,Bronze,0,2,4.58,4.01,1,44.1,1
871,18,0.7,876,Gold,2,2,2.54,3.13,1,7.5,0
872,10,4.22,228,Bronze,0,3,2.16,2.19,0,2.9,0
873,17,1.75,1201,Platinum,3,6,3.79,3.11,0,67.6,0
874,17,1.36,506,Bronze,0,4,3.55,3.88,1,14.1,0
875,14,5.61,751,Gold,2,4,4.66,4.04,2,36.0,1
876,15,3.86,631,Gold,2,3,3.96,3.34,1,4.0,1
877,10,0.29,624,Bronze,0,4,3.17,3.36,2,12.1,0
878,24,3.34,339,Bronze,0,9,4.09,4.0,1,36.7,1
879,13,3.33,453,Silver,1,11,4.06,1.73,2,24.1,1
880,21,2.0,888,Silver,1,8,2.64,4.38,1,4.3,1
881,22,1.94,721,Silver,1,8,3.92,2.82,2,20.7,1
882,9,0.51,603,Silver,1,4,2.13,2.25,0,35.7,1
883,13,8.92,1078,Platinum,3,7,4.45,3.22,0,22.2,1
884,20,2.07,652,Silver,1,4,3.34,3.24,1,15.7,1
885,12,3.21,577,Bronze,0,3,3.26,4.04,1,68.0,1
886,9,2.16,337,Bronze,0,5,3.12,3.47,3,0.2,0
887,16,1.38,914,Bronze,0,4,3.54,3.26,0,40.5,1
888,8,4.45,384,Bronze,0,5,3.71,4.27,0,9.0,1
889,13,2.78,811,Bronze,0,3,3.47,4.38,0,16.9,1
890,11,2.08,612,Silver,1,7,4.54,2.87,2,117.6,0
891,24,3.18,661,Bronze,0,5,0.95,2.2,1,3.2,0
892,17,2.32,1097,Platinum,3,3,3.58,4.13,2,156.4,0
893,17,7.49,729,Bronze,0,6,4.76,2.29,0,13.7,1
894,15,4.35,332,Bronze,0,3,2.6,1.83,1,3.2,0
895,13,3.57,1015,Gold,2,6,4.07,3.37,1,6.3,1
896,17,0.58,1169,Gold,2,4,4.26,4.56,2,17.0,1
897,12,3.66,448,Bronze,0,5,1.19,3.48,0,0.2,0
898,11,3.59,507,Bronze,0,6,3.93,2.86,1,37.9,0
899,16,1.04,395,Bronze,0,3,2.94,4.72,1,26.6,0
900,9,0.57,581,Silver,1,6,3.97,4.22,1,11.0,1
901,13,4.23,992,Silver,1,5,4.5,3.37,2,1.3,0
902,16,4.6,299,Bronze,0,6,4.33,2.79,0,23.2,1
903,18,1.48,312,Bronze,0,3,2.84,2.07,0,6.1,0
904,15,1.43,972,Silver,1,4,4.04,3.44,0,48.8,1
905,23,2.75,1075,Platinum,3,8,3.25,2.43,0,48.9,1
906,18,1.74,1074,Silver,1,5,3.63,3.22,1,69.1,0
907,7,0.56,560,Silver,1,5,4.68,3.77,3,0.9,1
908,16,1.03,525,Bronze,0,5,4.79,3.6,1,22.0,0
909,15,3.12,368,Bronze,0,6,4.36,3.75,1,59.7,0
910,12,1.08,529,Bronze,0,1,3.26,2.67,2,50.1,0
911,18,4.76,445,Gold,2,5,3.88,2.0,1,15.4,1
912,8,3.55,937,Gold,2,3,3.94,2.98,1,3.1,1
913,17,3.22,1015,Platinum,3,8,3.15,2.02,2,11.3,1
914,16,2.7,938,Platinum,3,7,3.99,1.76,3,30.8,0
915,14,1.32,872,Platinum,3,7,4.35,2.77,0,38.7,1
916,15,3.9,771,Platinum,3,3,4.05,1.7,3,14.5,1
917,23,1.29,646,Bronze,0,5,4.31,1.16,1,30.3,0
918,13,4.94,266,Bronze,0,5,2.23,4.45,0,71.1,0
919,15,6.72,602,Bronze,0,3,3.02,2.38,0,8.6,0
920,12,2.77,1065,Silver,1,4,3.72,3.46,0,3.4,0
921,13,6.13,797,Bronze,0,8,4.29,3.88,1,28.3,1
922,10,1.04,499,Gold,2,7,4.13,4.29,2,5.5,0
923,15,3.58,543,Silver,1,2,3.84,2.17,1,7.5,1
924,19,2.45,734,Silver,1,3,4.53,3.93,0,9.1,1
925,18,4.28,486,Bronze,0,2,2.6,4.59,1,31.0,1
926,15,0.31,220,Bronze,0,9,3.69,4.36,0,15.2,1
927,16,4.1,577,Bronze,0,4,4.16,2.4,1,88.6,0
928,17,1.43,798,Gold,2,5,3.27,4.41,1,4.2,1
929,13,2.54,1033,Silver,1,7,3.82,4.34,1,22.9,1
930,16,8.82,749,Gold,2,1,4.5,3.9,1,19.9,1
931,13,3.66,734,Bronze,0,5,2.79,2.64,1,33.2,1
932,17,3.33,247,Bronze,0,9,3.46,3.16,0,11.6,1
933,10,3.14,444,Silver,1,6,1.34,4.16,2,36.9,0
934,21,5.3,944,Gold,2,2,3.25,4.24,1,2.7,1
935,20,4.38,1017,Gold,2,3,1.92,3.84,1,5.6,1
936,15,3.16,309,Bronze,0,5,2.74,2.07,1,34.5,0
937,22,2.88,955,Platinum,3,3,3.27,4.1,0,14.1,1
938,11,2.74,224,Bronze,0,1,4.18,2.18,2,13.7,0
939,14,2.35,764,Gold,2,3,1.74,1.13,2,3.6,0
940,10,0.83,667,Bronze,0,6,1.36,2.62,3,23.3,0
941,28,3.61,413,Bronze,0,8,4.73,2.07,0,5.7,1
942,8,1.56,750,Gold,2,7,4.51,3.53,1,27.6,1
943,17,2.13,274,Bronze,0,2,2.5,3.52,1,20.0,0
944,15,4.59,520,Silver,1,8,3.58,3.92,1,5.1,1
945,15,2.39,1002,Silver,1,7,4.86,1.57,1,39.8,1
946,15,2.25,515,Bronze,0,5,3.24,2.57,2,6.4,0
947,17,2.78,600,Gold,2,3,2.34,2.42,1,11.5,0
948,15,1.92,737,Gold,2,5,4.07,3.03,2,58.6,0
949,13,8.69,481,Gold,2,2,1.84,1.84,2,27.6,1
950,16,7.92,297,Bronze,0,8,3.76,2.36,1,34.0,1
951,20,7.78,922,Silver,1,3,4.57,4.44,0,15.5,1
952,17,3.14,472,Bronze,0,7,3.58,3.05,1,83.4,1
953,10,1.48,878,Bronze,0,4,3.54,3.49,3,74.5,1
954,9,4.67,481,Bronze,0,8,4.28,3.61,2,16.3,1
955,16,1.94,943,Platinum,3,1,2.9,4.01,2,7.2,1
956,8,4.96,928,Gold,2,2,4.71,4.61,1,9.8,1
957,13,1.42,265,Gold,2,8,3.24,1.91,0,21.2,1
958,12,3.31,691,Silver,1,7,3.35,3.48,1,14.4,1
959,20,5.44,640,Silver,1,2,2.91,4.19,0,4.3,1
960,17,2.02,947,Silver,1,6,3.19,2.88,2,27.1,1
961,13,2.02,843,Silver,1,13,3.04,4.14,3,16.0,1
962,17,0.63,423,Silver,1,4,2.25,4.56,1,65.8,0
963,14,1.46,748,Bronze,0,1,4.62,4.15,2,13.0,0
964,16,3.1,448,Bronze,0,5,4.5,4.24,3,28.3,1
965,14,3.45,769,Platinum,3,5,4.21,3.2,1,34.7,1
966,16,3.81,689,Silver,1,2,3.93,2.88,1,51.9,0
967,16,0.4,909,Platinum,3,5,4.52,1.7,0,61.2,1
968,22,1.94,808,Bronze,0,10,2.82,2.99,2,6.3,1
969,14,0.71,718,Silver,1,5,3.96,2.75,1,72.0,0
970,19,2.99,541,Bronze,0,4,2.51,3.4,0,31.2,0
971,17,0.52,680,Bronze,0,4,4.38,3.52,0,20.1,1
972,17,0.93,719,Bronze,0,4,3.11,2.51,1,30.0,0
973,11,4.33,657,Bronze,0,7,3.91,4.71,0,4.7,1
974,16,1.6,1234,Platinum,3,4,4.24,2.6,1,17.6,1
975,20,6.17,622,Bronze,0,7,3.98,4.62,1,19.5,1
976,10,3.88,684,Silver,1,3,1.21,3.79,1,2.8,0
977,14,2.03,898,Silver,1,6,2.19,3.73,1,21.1,0
978,14,4.81,632,Silver,1,0,4.7,4.16,0,12.3,1
979,18,2.17,657,Silver,1,6,3.89,2.45,0,3.2,1
980,15,4.16,844,Bronze,0,3,2.44,2.91,0,3.1,0
981,17,1.39,1274,Platinum,3,5,4.06,3.92,1,6.5,1
982,16,5.0,798,Gold,2,4,3.09,2.43,0,1.3,1
983,15,0.57,709,Gold,2,7,2.35,3.61,0,19.9,1
984,15,0.93,943,Silver,1,6,3.51,2.8,1,2.5,1
985,9,1.09,660,Bronze,0,3,4.55,3.56,1,4.4,1
986,15,1.52,1013,Platinum,3,5,2.75,1.8,1,5.7,0
987,9,3.18,436,Bronze,0,6,4.27,2.74,1,54.8,0
988,19,2.49,566,Bronze,0,7,4.44,4.29,0,63.4,1
989,6,4.19,496,Bronze,0,6,2.73,3.8,0,16.4,1
990,15,5.49,667,Gold,2,5,3.36,3.93,2,24.1,1
991,17,0.5,676,Silver,1,5,3.22,2.95,1,41.2,0
992,12,5.94,853,Gold,2,11,4.04,4.79,0,72.0,1
993,10,2.13,725,Gold,2,7,3.97,2.98,0,18.8,1
994,21,7.68,681,Bronze,0,4,2.02,3.75,1,11.6,0
995,20,1.34,1208,Platinum,3,10,4.15,4.13,2,12.5,1
996,13,0.35,844,Silver,1,6,2.64,3.43,0,31.1,1
997,20,3.91,595,Silver,1,1,2.1,2.83,0,50.2,0
998,13,3.74,651,Bronze,0,6,3.31,4.07,1,82.6,0
999,12,0.95,966,Platinum,3,4,3.67,3.46,1,42.3,1
1000,15,1.05,253,Bronze,0,3,4.34,4.02,2,20.6,0
