record_id,Semantic Understanding,Human-AI Collaboration,Human-Like Interaction,Continuous Improvement,Personalization,Cultural Adaptation,Efficiency,Customer Value,Satisfaction,Trust,Customer Loyalty
1,3.0,2.8333333333333335,2.5,2.0,2.25,3.0,3.0,2.5,2.4,2.8,2.8
2,2.6,5.0,5.0,2.5,2.25,2.5,2.5,2.5,2.4,2.0,2.2
3,3.4,3.3333333333333335,2.5,2.75,2.0,3.75,3.5,4.0,3.6,4.0,4.0
4,3.4,2.8333333333333335,2.75,2.75,2.0,2.25,2.25,3.0,2.2,3.0,2.0
5,2.6,3.1666666666666665,3.0,4.0,2.75,4.0,4.0,2.5,4.0,3.6,3.8
6,3.2,3.0,3.0,3.75,3.5,4.5,4.0,4.0,3.8,3.8,3.8
7,3.0,3.0,3.25,4.0,3.5,3.5,4.5,4.75,4.0,5.0,4.4
9,3.6,3.3333333333333335,4.0,3.5,3.75,3.25,3.5,3.5,3.0,4.0,3.2
10,5.0,5.0,5.0,5.0,5.0,5.0,5.0,5.0,5.0,5.0,5.0
11,2.2,3.0,2.0,2.0,2.25,3.0,2.5,1.75,2.0,2.2,2.2
12,4.4,4.0,4.0,2.5,2.5,3.5,3.75,4.0,4.0,4.2,4.0
13,4.0,5.0,5.0,4.0,4.0,4.0,3.75,4.0,4.0,4.0,4.0
14,3.2,3.6666666666666665,3.5,2.75,2.5,3.25,3.5,2.75,3.0,3.4,3.4
15,3.0,3.1666666666666665,3.25,3.0,3.5,3.75,3.0,2.25,2.6,2.2,2.8
16,3.6,3.3333333333333335,3.25,3.25,3.0,4.0,4.0,3.0,4.0,4.0,4.4
17,3.2,3.5,3.25,4.0,3.0,3.25,3.0,3.25,2.2,3.6,2.6
18,3.2,3.8333333333333335,4.0,3.75,4.0,2.5,4.5,3.25,2.0,4.0,4.0
19,3.2,3.3333333333333335,3.0,2.75,3.5,3.0,3.0,3.0,2.6,3.4,2.6
20,5.0,5.0,5.0,5.0,5.0,5.0,5.0,5.0,5.0,5.0,5.0
21,4.0,3.6666666666666665,4.0,4.5,3.25,4.25,4.0,4.0,3.6,4.0,3.4
22,2.6,3.0,3.0,2.5,3.0,3.5,3.25,2.5,2.8,3.4,3.0
23,2.8,3.1666666666666665,3.75,2.75,2.75,3.0,2.6666666666666665,3.25,3.0,2.8,2.8
24,2.8,5.0,5.0,3.25,2.5,2.75,3.5,3.0,3.0,2.8,2.6
25,2.8,3.6666666666666665,3.0,2.5,2.5,2.0,2.5,2.0,2.0,2.0,2.0
26,4.4,3.6666666666666665,3.25,4.0,4.0,3.5,4.25,4.25,4.2,4.4,4.8
27,2.4,2.6666666666666665,2.75,2.0,2.0,3.25,2.5,3.5,2.6,4.0,3.0
28,2.8,3.1666666666666665,3.5,2.0,2.75,2.5,3.0,2.75,2.4,2.6,2.8
29,5.0,5.0,5.0,5.0,5.0,5.0,5.0,5.0,5.0,5.0,5.0
30,3.0,3.0,3.0,3.0,3.0,3.0,3.0,3.0,3.0,3.0,3.0
31,3.2,3.1666666666666665,2.75,3.25,2.5,3.5,3.0,3.0,3.0,3.2,3.0
32,4.0,3.8333333333333335,3.5,3.75,3.25,3.25,3.75,3.0,3.0,3.0,3.0
33,2.6,5.0,5.0,3.25,2.5,2.75,3.0,3.25,2.0,2.4,3.0
34,2.6,3.3333333333333335,3.5,3.0,2.5,2.0,2.75,3.0,2.0,2.4,2.4
35,3.0,3.0,3.0,3.0,3.0,3.0,3.0,3.0,3.0,3.0,3.0
36,3.2,3.5,2.75,2.5,2.0,2.5,2.5,2.25,2.4,3.2,2.8
37,3.6,5.0,5.0,2.75,3.0,3.5,3.5,3.25,3.2,3.4,3.8
38,3.6,3.8333333333333335,4.0,3.75,4.0,3.75,4.25,3.0,2.8,3.8,4.0
39,2.6,2.6666666666666665,2.5,2.0,2.0,2.75,2.0,2.5,2.4,2.2,2.4
40,5.0,5.0,5.0,5.0,5.0,5.0,5.0,5.0,5.0,5.0,5.0
41,2.6,2.5,2.25,2.25,2.5,2.75,2.75,2.0,2.2,2.4,3.0
42,3.8,4.0,3.25,3.75,3.0,4.5,4.5,4.25,3.8,4.2,4.0
43,3.0,3.5,3.25,3.0,3.0,3.0,3.25,3.0,3.0,3.0,3.0
44,3.6,3.8333333333333335,3.0,2.0,2.25,2.25,3.0,2.25,2.4,3.0,2.4
45,3.2,3.5,3.0,4.0,3.5,3.25,2.5,3.25,3.8,1.6,2.6
46,3.4,3.0,2.25,4.0,2.5,4.0,3.75,3.75,3.4,3.6,4.0
47,4.0,3.6666666666666665,2.5,3.75,3.75,3.5,3.25,4.0,3.4,4.0,4.0
48,3.4,3.3333333333333335,3.25,3.25,3.5,3.25,3.0,3.5,2.8,3.4,3.6
49,2.6,2.6666666666666665,2.5,3.25,3.25,2.25,3.5,3.0,2.4,3.4,2.8
50,2.4,3.0,2.75,3.5,2.5,3.5,3.75,2.0,2.2,2.8,2.2
51,5.0,5.0,5.0,5.0,5.0,5.0,5.0,5.0,5.0,5.0,5.0
52,3.6,3.3333333333333335,4.0,3.5,4.0,4.0,2.75,3.25,3.0,4.0,3.0
53,2.6,3.3333333333333335,2.75,3.75,3.5,4.0,4.0,3.75,2.2,3.2,3.4
54,4.0,3.8333333333333335,3.25,3.0,4.0,4.0,3.75,3.75,3.4,3.8,3.8
55,5.0,5.0,4.25,3.25,3.5,3.5,5.0,5.0,4.4,5.0,4.8
56,3.6,3.6666666666666665,3.5,4.0,3.75,3.75,3.5,4.0,4.0,4.0,4.0
57,3.0,3.1666666666666665,2.75,4.0,3.75,3.25,3.75,4.0,3.8,4.0,3.8
58,2.6,2.6,2.5,2.75,2.0,2.5,3.25,2.0,2.0,2.6,2.0
59,3.0,3.1666666666666665,3.25,2.75,2.5,3.5,3.3333333333333335,2.5,2.8,3.2,2.6
60,3.4,3.8333333333333335,3.0,4.0,4.0,4.0,3.75,4.0,4.0,4.0,4.0
61,3.0,2.5,2.75,2.75,3.25,3.25,3.0,3.25,2.8,2.8,2.6
62,3.2,3.3333333333333335,3.5,4.0,4.0,4.0,3.75,3.0,3.8,3.8,3.6
63,3.0,5.0,5.0,3.0,2.75,3.5,3.5,2.5,2.6,3.0,2.2
64,2.8,3.0,3.0,3.25,1.5,2.0,2.5,1.5,2.0,2.4,1.6
65,3.2,3.6666666666666665,2.5,3.5,3.25,3.75,3.25,2.75,2.2,3.2,3.0
66,3.8,3.6666666666666665,3.75,3.5,4.0,4.0,4.0,4.0,3.6,3.8,3.8
67,3.8,3.6666666666666665,3.5,4.0,4.0,4.0,3.5,4.0,3.8,4.0,4.0
68,3.6,3.1666666666666665,2.75,2.75,2.75,2.5,3.25,3.5,3.8,3.4,2.8
69,3.0,2.6666666666666665,3.0,3.5,2.5,2.75,2.75,2.25,3.0,3.2,2.0
70,3.0,3.0,3.0,3.0,3.0,3.0,3.0,3.0,3.0,3.0,3.0
71,3.0,2.8333333333333335,2.5,3.0,2.75,2.5,3.0,3.5,2.4,3.0,2.8
72,3.8,3.3333333333333335,3.25,4.25,3.5,3.75,4.0,4.0,3.6,3.2,3.4
73,3.4,3.3333333333333335,3.75,4.0,3.75,4.0,4.0,3.75,2.8,3.8,3.8
74,2.8,3.0,2.75,2.75,2.25,3.25,2.75,2.75,2.0,3.0,2.0
75,3.0,2.8333333333333335,3.0,3.25,3.0,3.0,3.0,3.75,3.6,3.4,3.0
76,2.6,3.0,3.25,3.0,3.0,3.0,3.25,2.75,2.6,3.0,3.0
77,3.4,3.0,2.5,3.25,2.5,3.5,3.5,4.0,3.4,4.0,3.6
78,3.0,3.1666666666666665,3.5,4.0,4.25,3.0,3.25,4.0,2.8,4.0,3.6
79,3.8,2.8333333333333335,3.25,4.0,3.25,4.0,3.75,4.0,4.0,3.6,4.0
80,3.2,3.1666666666666665,3.0,4.0,3.5,3.0,3.0,3.0,4.0,3.0,3.0
81,3.6,3.5,3.25,3.25,3.25,3.75,3.25,3.25,3.4,3.2,3.0
82,3.2,3.1666666666666665,3.0,3.0,3.0,3.0,3.0,3.0,3.0,3.0,3.0
83,2.8,2.6666666666666665,3.0,3.0,3.25,3.5,3.0,3.25,2.6,3.4,2.8
84,3.4,3.5,2.75,3.75,3.25,3.25,3.5,3.25,3.2,3.4,4.0
85,3.0,2.3333333333333335,2.25,2.0,2.0,2.0,2.25,2.0,2.0,2.4,2.6
86,3.8,3.3333333333333335,3.5,4.0,4.0,4.0,4.0,4.0,4.0,4.0,4.0
87,3.4,3.6666666666666665,3.0,4.0,3.25,4.0,4.5,3.5,2.0,4.0,2.0
88,3.0,3.0,3.0,3.0,3.0,3.0,3.0,3.0,2.0,2.0,2.0
89,3.0,3.3333333333333335,3.25,3.25,3.0,3.0,3.0,3.0,3.0,2.8,2.4
90,3.2,3.0,2.75,2.75,2.75,2.25,2.25,2.75,2.8,3.0,2.8
91,3.0,3.0,3.0,4.5,3.5,3.5,3.75,4.25,3.4,3.8,4.8
92,2.0,3.0,2.25,3.5,2.0,2.0,3.0,3.25,2.8,3.6,2.8
93,3.8,3.5,3.5,4.0,4.0,4.0,4.0,3.5,4.0,3.6,3.8
94,3.0,3.1666666666666665,3.0,3.25,3.0,3.0,3.5,3.0,2.8,3.2,3.0
95,3.2,3.1666666666666665,3.0,3.0,3.0,3.0,3.0,3.0,3.0,2.6,3.0
96,2.6,3.0,2.75,3.5,3.25,3.25,2.75,3.0,3.0,3.0,3.0
97,2.8,2.8333333333333335,2.25,3.25,2.75,3.25,2.75,2.75,2.6,2.8,3.0
98,2.0,3.3333333333333335,2.0,4.0,3.25,3.75,3.0,3.0,2.6,4.0,4.0
99,2.6,3.0,2.25,3.75,2.25,1.75,2.75,4.0,2.2,2.4,2.6
100,3.8,3.6666666666666665,3.25,4.0,3.5,4.0,4.0,4.0,4.0,4.0,4.0
101,2.2,3.3333333333333335,2.25,3.0,2.25,2.5,3.0,3.75,2.4,3.6,2.4
102,3.2,3.8333333333333335,3.5,3.5,4.0,4.0,4.0,4.0,4.2,3.6,4.0
103,3.0,3.3333333333333335,2.5,3.0,2.25,3.0,3.25,2.75,3.0,2.6,3.0
104,3.0,3.8333333333333335,2.25,3.75,3.0,3.5,3.75,3.75,3.6,4.0,3.8
105,3.6,3.5,4.0,3.75,3.5,3.5,3.75,3.5,3.2,4.4,4.4
106,3.6,3.5,2.75,3.5,3.0,2.75,3.0,3.25,3.2,3.4,2.8
107,3.2,3.1666666666666665,3.0,3.25,2.75,3.0,3.25,3.0,2.8,3.0,3.2
108,3.8,3.3333333333333335,3.25,3.25,4.0,4.0,3.75,3.5,3.0,3.8,3.2
109,3.2,3.0,3.0,2.75,3.0,2.75,3.25,3.25,2.6,3.2,3.0
110,3.0,3.3333333333333335,3.0,3.0,3.0,3.0,3.25,3.0,3.0,3.4,3.2
111,3.0,2.6666666666666665,3.0,3.25,3.25,3.75,4.0,2.75,2.6,3.6,2.8
112,3.8,3.6666666666666665,3.25,3.75,4.0,4.0,3.5,4.0,4.0,4.0,4.0
113,3.2,3.1666666666666665,2.75,3.0,3.25,3.0,3.0,2.75,2.8,3.0,3.0
114,2.8,3.0,2.75,2.75,2.5,2.25,3.5,2.75,2.6,2.8,2.8
115,3.0,3.0,3.0,3.0,3.0,3.0,3.0,2.75,3.0,3.0,3.0
116,3.2,3.3333333333333335,3.25,3.0,3.0,3.0,3.0,3.0,3.0,3.0,3.0
117,2.8,2.8333333333333335,3.25,3.0,3.0,3.0,3.25,3.0,3.4,3.0,3.2
118,3.0,3.5,3.0,3.0,3.25,3.0,3.0,3.5,3.2,3.2,3.0
119,3.2,3.0,3.0,4.25,3.75,2.25,3.75,3.75,2.4,3.6,2.8
120,3.8,3.3333333333333335,3.0,3.75,3.25,2.5,3.5,3.25,3.4,3.6,3.6
121,3.0,3.0,3.0,3.0,3.0,3.0,3.0,3.0,2.0,2.0,2.0
122,3.4,3.6666666666666665,3.0,3.5,2.5,3.75,4.0,3.5,3.6,4.0,3.2
123,3.2,3.3333333333333335,3.75,3.0,3.0,3.0,2.75,3.0,3.2,3.0,3.2
124,3.0,2.8333333333333335,2.5,3.0,3.0,3.0,3.25,3.0,3.0,3.0,3.0
125,3.2,3.5,2.5,2.75,2.25,3.0,3.5,4.0,4.0,4.0,4.0
126,2.8,2.8333333333333335,3.5,3.0,3.0,3.0,3.0,3.0,3.4,3.0,3.0
127,3.4,3.1666666666666665,3.25,3.0,2.75,3.25,3.0,2.75,3.0,3.2,3.0
128,3.2,3.3333333333333335,3.25,3.25,3.0,3.0,2.75,3.0,3.0,3.0,3.0
129,3.0,4.0,3.5,3.5,3.25,2.5,3.5,2.25,3.4,2.8,4.0
130,3.0,2.6666666666666665,2.75,3.0,3.0,3.0,3.25,3.0,3.2,3.0,3.0
131,2.2,2.6666666666666665,2.75,3.0,2.0,2.75,2.75,2.0,2.0,2.0,2.0
132,2.0,2.0,2.0,2.0,2.0,2.0,2.0,2.0,2.0,2.0,2.0
133,3.2,3.0,3.25,3.0,3.5,3.0,3.25,3.0,3.0,3.0,3.0
134,2.6,3.3333333333333335,2.75,3.75,3.0,2.5,3.0,2.25,2.0,3.6,2.4
135,4.0,4.0,3.75,4.0,3.5,4.0,3.75,4.0,4.0,3.8,4.0
136,3.4,3.3333333333333335,3.5,3.0,2.75,3.0,3.25,3.0,2.8,3.0,3.0
137,3.0,3.3333333333333335,3.25,4.5,4.0,3.0,3.5,3.0,3.2,3.0,3.0
138,3.0,3.1666666666666665,3.0,3.0,3.0,3.0,3.25,3.25,3.2,3.2,3.0
139,2.8,2.6666666666666665,3.0,3.0,3.0,3.0,3.0,3.25,3.0,3.0,3.0
140,3.2,4.0,4.0,4.0,4.0,4.25,4.0,4.0,4.2,4.6,4.0
141,3.0,3.3333333333333335,3.0,3.0,3.0,3.0,3.25,3.0,3.0,3.0,3.0
142,3.2,3.0,3.0,2.75,3.0,3.0,2.75,3.0,3.0,3.0,3.0
143,2.0,2.0,2.0,2.0,2.0,2.0,2.0,2.0,1.0,1.0,1.0
144,3.2,3.0,3.0,3.0,3.0,3.0,3.25,3.0,3.0,3.0,3.0
145,3.0,3.0,3.0,3.0,3.0,3.0,3.25,3.0,3.0,3.0,3.0
146,3.2,4.0,3.0,3.25,3.0,3.0,3.25,2.75,3.0,2.8,1.6
147,2.8,3.0,3.0,3.0,3.25,3.25,3.25,2.75,3.0,3.2,3.0
148,2.8,3.5,3.0,5.0,5.0,3.25,3.25,3.0,2.6,3.0,3.0
149,2.8,3.0,3.0,3.0,3.0,3.0,3.0,3.0,3.0,3.0,3.0
150,2.0,2.0,2.0,2.0,2.0,2.0,2.0,2.0,2.0,2.0,2.0
151,,,,3.0,3.0,3.0,3.0,3.0,3.0,3.2,3.0
152,,,,2.0,2.0,2.0,2.0,2.0,3.0,3.2,3.0
153,2.6,3.1666666666666665,3.25,3.25,3.5,3.5,3.25,2.25,2.0,2.4,2.2
154,3.0,3.3333333333333335,3.25,3.0,3.0,3.0,3.0,3.0,4.0,4.0,3.6
155,,,,2.0,2.0,2.0,2.0,2.0,3.4,4.0,3.8
156,2.2,2.3333333333333335,2.75,3.0,2.75,2.5,3.0,2.0,3.2,3.2,3.2
157,,,,2.0,2.0,2.0,2.0,2.0,2.6,3.4,3.2
158,4.0,4.0,4.0,4.0,4.0,3.75,3.5,4.0,2.0,2.0,2.0
159,3.6,3.8333333333333335,3.25,3.75,3.5,3.5,4.0,3.5,3.0,3.0,3.0
160,3.8,3.6666666666666665,3.0,3.75,3.0,3.0,3.25,3.25,3.0,3.0,3.0
161,2.4,2.0,2.0,3.0,3.0,2.75,3.0,3.25,3.2,4.0,3.8
162,,,,,,,,,2.6,3.4,2.8
163,2.0,2.0,2.0,2.0,2.0,2.0,2.0,2.0,3.0,2.8,3.0
164,3.2,3.0,3.0,3.25,3.25,3.0,3.25,3.0,3.0,4.0,3.6
165,,,,,,,,,3.0,3.0,3.0
166,3.0,3.6666666666666665,3.25,3.25,3.0,3.0,3.25,3.0,2.0,2.0,2.0
167,,,,,,,,,3.4,3.0,3.0
168,3.8,3.8333333333333335,2.5,2.75,2.5,3.5,3.5,4.0,3.0,3.0,3.2
169,,,,,,,,,3.0,3.0,3.0
170,2.2,3.0,2.75,3.0,3.25,2.75,3.75,3.0,3.0,3.0,3.0
171,3.0,3.1666666666666665,3.25,3.0,3.0,3.0,3.25,3.0,3.2,3.4,3.0
172,,,,,,,,,2.8,3.6,3.2
173,3.8,3.5,4.0,4.0,4.0,4.0,3.5,4.0,3.0,3.0,3.2
174,3.0,4.0,3.0,3.0,3.0,3.0,3.0,3.0,4.0,4.0,4.0
175,2.0,2.0,2.0,2.0,2.0,2.0,2.0,2.0,3.6,3.8,3.8
176,3.2,3.0,2.75,3.0,3.0,3.0,3.0,2.5,3.0,3.0,3.2
177,3.0,3.0,3.0,3.0,3.0,3.0,2.75,3.25,3.0,3.6,3.4
178,2.8,3.3333333333333335,3.25,3.0,3.0,3.0,2.75,3.0,3.0,3.2,3.0
179,,,,,,,,,3.0,3.2,3.2
180,2.8,3.0,2.5,3.75,3.0,3.0,2.75,3.0,2.0,2.2,2.0
181,,,,,,,,,3.0,3.0,3.0
182,,,,,,,,,3.6,3.0,3.4
183,,,,,,,,,3.0,3.0,3.0
184,4.0,4.0,4.0,4.0,4.0,4.0,4.0,4.0,2.8,4.0,3.6
185,4.0,4.0,4.0,4.0,4.0,4.0,4.0,4.0,3.2,3.4,3.4
186,3.2,2.6666666666666665,2.75,3.75,3.25,3.0,3.25,3.5,3.4,3.4,4.0
187,2.8,2.6666666666666665,2.5,3.0,2.5,3.25,3.5,3.75,3.0,3.2,3.0
188,4.0,4.0,4.0,4.0,4.0,4.0,4.0,4.0,4.0,4.0,4.0
189,3.0,3.1666666666666665,3.5,3.0,3.25,3.25,2.75,3.0,3.2,3.2,3.4
190,4.0,4.0,4.0,4.0,4.0,4.0,4.0,4.0,3.0,3.0,3.0
191,4.0,4.0,4.0,4.0,4.0,4.0,4.0,4.0,2.2,3.8,2.6
192,3.8,3.3333333333333335,3.25,4.0,4.0,4.0,3.5,4.0,4.0,4.0,4.0
193,3.6,3.5,3.0,3.25,3.25,3.75,2.25,3.5,3.0,3.0,3.0
194,3.0,2.8333333333333335,2.75,3.0,3.0,3.0,3.25,3.5,3.0,3.2,2.6
195,2.6,3.3333333333333335,2.75,3.0,2.5,3.0,3.25,3.0,3.0,3.0,3.6
196,3.4,3.1666666666666665,3.25,3.5,2.5,3.75,3.0,3.0,3.0,3.0,3.0
197,3.0,3.1666666666666665,3.0,3.0,3.0,2.75,3.0,3.0,4.0,3.4,3.2
198,2.2,3.0,2.75,2.5,2.0,3.0,2.5,2.5,3.4,2.8,3.2
199,3.4,3.0,2.75,3.0,3.0,3.0,3.0,3.0,3.0,3.0,3.0
200,3.8,3.3333333333333335,3.0,3.5,3.25,3.25,3.25,3.75,2.4,3.4,2.8
201,,,,,,,,,3.0,3.0,3.0
202,,,,,,,,,3.0,3.2,2.0
203,,,,,,,,,3.0,3.0,3.0
204,3.2,3.0,3.5,3.0,3.0,3.0,3.0,3.0,3.0,3.0,3.0
205,,,,,,,,,2.8,2.8,3.2
206,3.8,3.3333333333333335,3.5,4.0,4.0,3.5,2.5,3.0,3.4,3.4,4.0
207,3.4,3.6666666666666665,3.5,4.0,3.25,3.75,4.0,3.0,3.0,3.0,3.0
208,3.0,2.8333333333333335,4.0,4.0,4.0,3.0,2.75,3.25,3.0,3.0,3.0
209,,,,,,,,,3.2,3.8,3.2
210,,,,,,,,,3.2,3.0,3.0
211,3.4,2.5,3.0,2.25,2.25,2.75,3.25,2.75,3.0,3.2,3.0
212,3.8,3.5,3.5,4.0,3.75,3.75,3.75,4.0,4.0,4.0,4.0
213,,,,,,,,,1.2,1.8,1.6
214,3.5,3.5,3.5,3.25,3.25,3.0,3.25,3.0,3.0,3.0,3.0
215,,,,,,,,,5.0,5.0,5.0
216,,,,,,,,,4.0,4.0,4.0
217,,,,,,,,,3.0,3.2,3.0
218,,,,,,,,,3.2,3.8,3.0
219,4.0,3.0,2.75,3.5,3.0,2.75,3.5,3.0,3.0,4.0,2.8
220,2.8,3.3333333333333335,3.0,2.75,3.75,2.5,3.75,3.25,3.0,3.0,3.2
221,3.6,3.5,3.25,4.0,4.0,4.0,3.5,4.0,3.6,4.0,3.8
222,,,,,,,,,3.2,3.0,3.0
223,3.0,3.0,3.25,3.0,3.0,3.0,3.0,3.0,4.0,4.0,4.0
224,4.0,3.5,3.5,3.5,4.0,3.25,3.75,3.25,2.8,3.4,2.8
225,4.0,3.6666666666666665,3.5,4.0,4.0,4.0,3.5,3.0,4.0,3.6,3.8
226,,,,,,,,,3.2,3.2,4.0
227,4.0,4.0,4.0,3.5,2.0,4.25,4.0,,3.2,3.8,3.6
228,,,,,,,,,3.0,3.0,3.0
229,3.0,3.3333333333333335,3.25,2.5,3.75,3.5,4.0,3.0,3.0,3.0,3.0
230,3.0,2.6666666666666665,3.0,3.75,3.5,2.75,3.25,3.0,3.0,2.8,3.0
231,,,,,,,,,3.0,3.0,3.0
232,,,,,,,,,3.0,3.2,3.6
233,3.0,3.1666666666666665,3.0,3.75,3.0,3.0,3.25,3.0,2.8,3.0,3.0
234,3.4,3.5,2.5,3.5,3.5,3.75,3.0,3.0,3.0,3.2,3.0
235,3.2,2.8333333333333335,3.25,3.0,3.0,3.0,3.0,3.0,2.6,2.4,2.6
236,3.2,3.0,3.0,2.75,2.0,2.0,2.75,2.5,3.2,4.0,3.6
237,3.4,3.0,2.75,3.0,3.0,3.0,3.0,3.0,2.8,3.6,3.0
238,3.0,2.8333333333333335,3.0,3.0,3.0,3.5,3.25,3.0,3.8,4.0,4.0
239,3.0,2.5,2.25,2.75,2.5,3.0,3.25,2.0,3.0,3.0,3.2
240,3.8,3.5,3.5,3.5,4.0,3.5,3.5,4.0,3.2,3.2,3.0
241,3.4,,,,,,,,2.8,4.0,3.8
242,,,,,,,,,3.2,3.6,3.2
243,3.0,3.0,3.0,3.0,3.0,3.0,3.0,3.0,4.0,4.0,4.0
244,3.6,3.0,2.5,3.25,2.5,3.25,4.0,3.25,2.0,2.0,2.0
245,3.0,3.1666666666666665,3.25,3.25,2.75,3.0,3.25,3.0,2.4,2.0,2.0
246,,,,,,,,,,,
247,3.8,3.5,3.25,3.5,2.75,3.0,2.75,3.0,3.0,2.8,2.4
248,,,,,,,,,1.6,1.0,1.0
249,3.8,3.8333333333333335,3.75,4.0,4.0,3.75,2.75,4.0,2.0,2.0,2.4
250,,,,,,,,,2.2,2.0,2.0
251,2.2,2.3333333333333335,2.25,3.0,3.0,3.0,2.5,1.25,1.0,1.0,1.0
252,,,,,,,,,,,
253,,,,,,,,,2.6,2.8,2.0
254,3.2,3.3333333333333335,2.75,2.75,3.0,3.0,2.75,3.0,2.8,2.6,3.6
255,,,,,,,,,2.4,2.8,2.8
256,5.0,5.0,5.0,5.0,5.0,5.0,5.0,5.0,3.4,3.4,4.2
257,,,,,,,,,2.0,2.2,2.6
258,4.4,4.333333333333333,4.5,3.5,4.0,4.0,4.25,4.0,3.8,3.8,4.0
259,,,,,,,,,4.2,3.6,3.8
260,,,,,,,,,3.0,3.2,3.0
261,3.8,4.0,3.0,3.0,2.25,3.0,3.25,3.0,3.2,3.8,2.8
262,4.0,4.0,4.0,4.0,4.0,4.0,4.0,3.0,3.0,2.8,3.4
263,4.0,3.0,3.25,3.25,3.25,3.25,3.25,3.0,3.2,3.8,3.6
264,3.0,3.1666666666666665,3.0,3.0,3.0,3.0,3.0,3.0,3.4,3.2,3.4
265,4.0,3.75,3.5,4.25,3.75,4.0,4.0,4.0,3.4,3.4,3.6
266,,,,,,,,,4.0,4.0,4.0
267,3.2,3.0,3.0,2.75,2.75,3.25,3.0,3.25,3.0,4.0,3.2
268,4.0,3.8333333333333335,3.5,4.5,4.0,4.0,4.0,4.0,2.4,3.6,3.0
269,3.25,2.75,2.5,3.0,3.0,2.75,3.3333333333333335,3.0,2.8,2.8,3.6
270,,,,,,,,,3.6,3.8,3.6
271,,,,,,,,,3.8,3.8,3.6
272,,,,,,,,,3.2,2.8,3.6
273,,,,,,,,,4.6,3.8,2.4
274,,,,,,,,,4.2,2.0,3.4
275,4.0,3.0,4.0,3.75,2.25,4.0,4.0,4.0,3.0,3.0,3.0
276,4.0,4.833333333333333,5.0,3.0,2.75,3.0,2.75,4.5,5.0,5.0,5.0
277,3.0,3.6666666666666665,4.0,3.75,3.5,3.5,3.3333333333333335,4.0,2.8,2.4,3.4
278,3.0,3.0,3.0,3.0,3.0,3.0,3.0,3.0,2.4,3.0,2.8
279,2.0,2.75,2.0,2.0,1.75,1.0,2.0,,2.6,3.2,4.4
280,,,,,,,,,2.6,2.6,2.8
281,3.75,2.75,2.5,3.25,3.0,3.0,3.0,3.0,3.0,4.0,3.0
282,,,,,,,,,3.8,3.6,3.8
283,,,,,,,,,2.6,2.8,2.6
284,,,,,,,,,3.2,3.4,3.4
285,,,,,,,,,2.8,2.8,3.4
286,,,,,,,,,2.8,2.6,2.8
287,4.0,3.1666666666666665,2.0,2.75,3.0,3.25,3.0,2.75,4.0,3.4,3.4
288,3.2,3.0,3.0,2.75,3.25,3.0,3.25,3.25,3.0,3.0,2.8
289,3.0,3.6666666666666665,3.0,3.0,3.0,3.0,3.0,3.0,3.8,3.4,2.6
290,3.0,3.0,3.0,3.0,3.0,3.25,3.25,3.25,3.0,2.2,2.8
291,,,,,,,,,2.8,2.6,1.6
292,2.2,2.0,2.0,3.75,2.0,2.0,2.0,2.75,3.4,2.6,3.8
293,,,,,,,,,3.6,2.8,3.6
294,4.0,4.0,4.0,3.5,3.25,3.5,4.0,3.0,3.6,2.8,3.8
295,,,,,,,,,2.4,2.8,3.2
296,3.0,3.0,3.0,3.0,3.25,3.25,3.0,3.0,2.8,2.2,3.6
297,,,,,,,,,3.0,3.2,2.8
298,,,,,,,,,3.0,3.4,3.4
299,4.0,4.0,4.0,3.5,3.75,4.0,4.0,4.0,3.2,2.6,3.0
300,,,,,,,,,3.2,3.2,3.0
301,3.0,3.0,3.0,3.0,3.25,2.75,3.0,3.25,3.2,3.4,3.6
302,3.0,3.0,3.0,3.5,3.5,3.0,3.0,3.25,2.8,3.4,2.8
303,,,,,,,,,2.0,3.2,3.2
304,,,,,,,,,3.0,3.4,2.8
305,,,,,,,,,3.2,3.6,3.6
306,4.0,4.0,4.0,4.0,3.75,3.0,4.0,3.5,3.2,3.0,3.0
307,,,,,,,,,2.0,2.4,2.6
308,4.0,3.8333333333333335,4.0,3.5,2.5,3.0,3.0,3.25,3.6,3.0,3.0
309,,,,,,,,,5.0,5.0,5.0
310,,,,,,,,,2.6,2.0,2.4
311,3.0,4.0,3.5,3.0,3.0,2.75,3.0,4.0,2.6,2.6,2.6
312,2.0,2.0,2.0,2.5,2.0,2.0,2.0,2.0,3.2,2.4,3.6
313,2.0,2.0,2.0,2.0,2.0,2.0,2.0,2.0,3.8,2.4,3.4
314,,,,,,,,,4.0,3.2,3.4
315,,,,,,,,,3.4,3.2,3.6
316,4.5,3.25,2.5,2.75,3.0,3.5,2.6666666666666665,,3.2,2.6,2.4
317,,,,,,,,,3.2,2.6,2.6
318,,,,,,,,,3.0,2.6,2.8
319,3.0,3.0,3.0,3.25,3.5,3.75,3.0,2.25,2.8,3.0,3.0
320,1.0,1.0,1.0,1.0,1.0,1.0,1.0,1.0,3.0,3.2,2.4
321,2.0,2.0,2.0,3.0,2.5,2.0,2.0,3.25,2.8,3.8,3.2
322,2.0,3.0,2.0,3.0,2.0,2.25,4.0,2.5,2.6,3.0,2.8
323,,,,,,,,,3.4,2.8,3.2
324,3.25,3.5,2.5,2.75,3.25,3.0,3.0,,3.8,4.0,3.6
325,,,,,,,,,5.0,5.0,5.0
326,,,,,,,,,3.4,3.2,3.0
327,3.75,2.5,1.5,2.75,3.75,3.5,2.6666666666666665,,3.4,3.0,3.6
328,2.0,2.0,2.5,2.0,2.0,2.0,2.0,3.0,5.0,5.0,5.0
329,3.0,3.0,3.0,2.75,3.75,3.75,3.0,3.75,2.6,2.2,2.4
330,2.0,2.1666666666666665,2.25,2.5,3.0,3.5,2.5,3.5,3.6,3.4,3.4
331,2.0,2.0,2.0,3.75,3.25,4.0,4.0,3.5,2.8,3.2,3.0
332,2.0,4.0,4.0,2.5,2.75,2.75,3.0,2.5,3.2,3.2,2.4
333,4.0,3.8333333333333335,4.0,4.0,3.75,4.0,4.0,4.0,2.6,3.8,2.0
334,4.0,2.3333333333333335,3.75,3.75,3.75,3.5,4.0,3.75,2.8,3.4,2.0
335,4.0,3.0,3.0,3.25,3.25,3.25,3.0,3.25,3.2,3.4,2.8
336,,,,,,,,,3.4,2.4,2.8
337,4.0,4.0,3.75,4.25,3.0,3.0,2.0,3.75,3.6,3.4,2.8
338,3.0,3.0,3.0,3.0,3.0,3.25,3.0,3.25,2.4,2.2,2.8
339,3.0,2.0,3.0,3.25,2.75,3.0,3.0,3.25,3.4,3.0,3.8
340,,,,,,,,,4.0,2.6,1.8
341,3.2,4.0,3.0,3.5,3.0,3.75,3.0,2.5,3.2,2.6,2.4
342,2.0,4.0,4.0,4.0,3.75,3.75,4.0,3.25,3.2,2.6,2.8
343,4.0,4.0,4.0,4.0,4.0,4.0,4.0,4.0,3.6,2.6,2.2
344,,,,,,,,,3.2,3.8,2.6
345,4.0,4.0,3.0,2.75,2.75,2.5,4.0,3.25,2.8,2.2,3.2
346,3.0,3.8333333333333335,3.75,3.0,3.0,3.25,4.0,3.75,3.0,3.0,3.2
347,3.0,5.0,4.0,3.25,3.25,4.25,2.0,4.5,3.2,4.0,3.8
348,4.0,3.8333333333333335,4.0,3.5,3.75,3.75,4.0,3.5,3.6,3.6,3.0
349,4.0,4.0,3.0,4.0,2.5,2.0,4.0,3.5,3.2,3.4,3.6
350,3.0,4.0,4.0,3.5,2.75,2.5,2.0,2.0,2.4,3.6,3.4
351,3.0,3.1666666666666665,3.0,3.0,2.75,2.75,2.5,2.5,3.6,2.2,2.2
352,3.0,3.0,3.0,3.25,3.5,2.0,3.0,2.75,4.2,3.4,2.2
353,3.0,3.1666666666666665,3.0,3.0,3.0,3.0,3.0,3.0,3.8,2.8,3.6
354,4.8,5.0,5.0,5.0,5.0,5.0,5.0,5.0,2.8,2.0,3.4
355,2.4,3.0,3.0,3.75,3.0,1.25,2.0,2.25,3.2,2.4,2.6
356,2.8,3.1666666666666665,2.75,2.75,2.75,3.5,3.75,3.25,3.6,4.0,3.8
357,3.2,3.1666666666666665,2.5,4.25,3.5,3.25,3.0,2.75,3.6,2.6,2.0
358,2.8,3.3333333333333335,3.0,3.25,3.0,2.5,3.0,2.25,2.2,2.6,2.6
359,3.2,2.5,3.0,2.5,3.75,3.0,4.0,3.25,2.8,3.2,3.0
360,3.8,3.6666666666666665,3.25,3.75,4.0,3.75,3.25,4.0,2.6,2.4,3.2
361,2.6,2.6666666666666665,2.5,2.0,2.75,2.75,3.0,3.0,2.4,3.6,3.8
362,2.6,2.6666666666666665,2.5,2.5,4.0,2.75,2.5,2.5,4.2,3.2,2.2
363,2.8,3.3333333333333335,2.5,3.0,3.0,2.75,3.0,2.5,2.8,3.2,4.2
364,2.6,2.5,2.25,3.5,2.75,3.0,3.25,3.0,3.2,2.4,2.0
365,2.2,3.0,3.25,3.25,3.5,3.75,3.75,3.5,2.6,2.8,1.8
366,2.2,3.3333333333333335,2.75,3.5,1.75,3.75,3.0,2.25,3.2,2.8,3.4
367,3.0,3.0,4.25,3.5,2.0,3.0,2.75,4.25,3.2,3.4,3.0
368,2.8,3.3333333333333335,2.25,2.5,3.75,2.5,2.5,2.75,3.0,2.8,3.0
369,3.0,2.5,3.0,2.25,2.5,2.5,2.75,2.75,3.2,3.0,3.2
370,3.0,2.5,2.25,3.75,3.25,3.0,2.5,4.5,3.4,3.4,3.8
371,2.8,2.3333333333333335,3.0,2.0,2.75,2.0,3.0,2.75,3.0,3.6,3.6
372,3.0,3.6666666666666665,3.25,3.5,3.0,3.5,3.75,3.75,2.0,2.8,3.0
373,2.8,3.0,4.0,2.75,1.75,3.0,2.75,3.25,5.0,5.0,5.0
374,3.0,2.6666666666666665,2.75,2.5,3.75,3.75,3.5,3.25,1.4,1.8,2.4
375,2.0,2.6666666666666665,2.75,2.75,3.5,3.0,3.25,2.25,3.0,3.6,4.0
376,3.4,3.1666666666666665,2.25,2.75,3.5,3.75,3.5,3.5,3.8,3.0,3.0
377,3.2,3.0,1.75,2.25,2.5,3.0,2.75,2.5,4.0,4.0,3.8
378,3.6,2.6666666666666665,2.75,3.25,2.75,3.25,2.6666666666666665,3.5,3.4,3.4,3.8
379,2.2,3.0,3.0,2.5,2.75,3.0,2.75,2.25,3.2,3.0,3.0
380,3.0,3.0,3.5,3.0,3.25,2.75,2.5,3.5,3.2,3.2,3.4
381,2.4,4.0,2.25,3.75,2.5,2.5,2.75,2.75,2.6,3.0,3.0
382,3.0,3.3333333333333335,2.25,2.5,2.5,2.75,2.75,2.75,3.2,3.2,3.8
383,2.6,3.1666666666666665,3.0,3.0,3.25,3.0,3.0,3.75,3.0,3.0,3.2
384,2.0,3.0,2.5,3.5,3.5,3.0,3.25,3.5,2.8,2.6,1.8
385,3.0,2.8333333333333335,2.75,4.5,2.75,3.75,3.25,2.0,2.8,2.0,2.6
386,2.6,2.6666666666666665,2.75,3.25,2.25,1.75,3.25,1.0,3.6,1.8,3.0
387,5.0,5.0,5.0,5.0,5.0,5.0,5.0,5.0,4.2,2.2,2.8
388,2.4,3.0,3.5,1.75,2.5,3.25,2.0,3.75,2.6,2.4,3.6
389,3.4,2.8333333333333335,3.25,3.5,2.25,2.5,3.25,2.25,4.0,3.0,3.4
390,2.8,3.0,3.0,3.5,2.25,3.5,2.75,3.0,3.2,3.0,2.6
391,3.4,3.0,2.75,3.75,3.0,3.5,3.0,2.25,3.4,2.8,3.2
392,2.6,2.6666666666666665,2.75,2.5,2.75,2.5,3.5,3.75,3.0,3.0,2.8
393,3.0,2.3333333333333335,3.0,2.25,2.0,2.5,3.25,3.0,5.0,5.0,5.0
394,2.8,2.5,3.75,3.0,2.75,3.5,3.0,2.25,2.4,3.6,4.0
395,3.2,3.0,3.25,3.0,3.0,2.75,3.0,1.5,3.2,3.0,2.2
396,2.8,2.5,3.0,3.75,2.5,2.75,3.0,2.5,2.6,3.4,4.0
397,,,,,,,,,2.6,3.8,3.2
398,,,,,,,,,2.8,3.4,2.0
399,2.8,3.6666666666666665,3.25,3.75,3.25,2.0,2.5,2.5,2.4,2.0,2.8
400,3.4,2.8333333333333335,3.25,2.25,2.0,2.75,2.0,3.25,3.4,2.8,3.6
401,3.4,2.3333333333333335,3.5,3.0,3.0,3.25,3.75,3.25,2.6,3.0,3.0
402,2.6,2.6666666666666665,2.5,1.75,3.75,2.75,2.5,3.0,3.8,3.8,3.6
403,3.2,3.1666666666666665,3.5,3.25,2.5,2.75,3.25,3.25,3.4,2.8,3.0
404,3.2,3.3333333333333335,3.25,3.25,4.0,3.25,3.5,4.0,3.6,3.0,3.4
405,5.0,5.0,5.0,5.0,5.0,5.0,5.0,5.0,3.4,2.4,2.6
406,2.8,2.6666666666666665,2.25,2.5,2.5,3.0,3.0,3.0,2.4,2.8,2.6
407,4.0,3.6666666666666665,2.25,3.0,3.5,3.25,3.25,3.0,3.0,3.2,3.4
408,5.0,5.0,5.0,5.0,5.0,5.0,5.0,5.0,4.4,3.6,3.2
409,1.75,2.5,3.0,2.75,3.0,3.0,2.5,2.5,3.0,3.2,2.2
410,3.6,2.5,2.5,2.5,2.5,2.5,3.5,3.25,3.8,4.0,3.2
411,3.0,2.6666666666666665,2.25,2.5,3.25,2.5,2.5,3.0,3.6,3.4,3.6
412,2.8,2.6666666666666665,2.5,2.25,3.75,3.25,3.0,3.5,3.6,2.8,3.0
413,3.4,2.6666666666666665,3.0,3.25,3.0,2.0,2.75,2.5,4.0,3.0,3.4
414,3.2,3.0,2.25,2.75,3.25,3.0,2.0,3.5,3.2,3.2,2.2
415,3.2,2.6666666666666665,3.5,2.5,3.0,2.75,2.5,3.5,3.4,2.2,3.4
416,2.8,2.3333333333333335,2.5,2.25,2.5,2.25,2.25,3.75,3.2,3.8,4.0
417,3.8,3.1666666666666665,3.0,2.75,3.0,3.25,3.75,2.25,3.4,3.2,2.4
418,2.2,3.0,2.75,2.0,3.5,2.25,3.5,3.75,4.2,2.4,4.0
419,3.2,3.0,2.75,2.75,1.5,3.25,3.5,2.5,3.4,3.0,2.2
420,3.4,3.1666666666666665,2.75,3.25,2.75,2.75,3.25,4.25,3.2,3.4,3.2
421,2.4,3.1666666666666665,2.75,2.0,2.5,2.75,2.5,2.25,4.0,2.4,3.2
422,2.8,3.1666666666666665,2.5,1.5,2.5,2.5,3.25,3.0,2.8,2.6,2.4
423,3.8,2.3333333333333335,2.75,3.0,3.75,2.0,3.0,3.5,3.8,2.2,3.2
424,2.8,3.6666666666666665,2.75,2.25,2.0,2.75,3.0,3.25,3.0,3.4,3.2
425,3.2,2.3333333333333335,3.25,2.5,2.25,3.5,3.75,2.75,3.4,3.6,3.0
426,3.6,3.6666666666666665,3.75,3.75,4.25,3.75,4.25,3.75,2.4,2.6,2.6
427,2.0,2.3333333333333335,4.0,2.75,3.25,3.25,2.5,2.75,3.4,3.4,2.6
428,3.0,2.5,3.25,3.5,3.75,2.5,2.5,3.5,2.8,3.2,3.0
429,3.0,3.5,2.75,3.5,3.5,3.25,3.25,4.0,3.8,3.2,4.2
430,3.4,3.1666666666666665,2.25,3.0,3.25,3.0,2.25,3.0,3.4,2.8,1.8
431,3.6,3.0,2.5,3.5,2.5,2.75,2.25,2.5,1.0,1.0,1.0
432,3.6,3.1666666666666665,3.0,3.25,2.25,2.75,2.25,2.75,3.2,3.6,2.8
433,3.4,3.3333333333333335,3.25,3.75,3.75,4.0,3.75,3.75,3.6,3.4,2.2
434,3.4,2.3333333333333335,2.75,2.5,3.0,2.75,3.0,3.0,2.6,3.0,2.2
435,2.4,3.0,3.0,3.5,2.75,3.0,2.75,3.25,3.8,2.2,4.0
436,2.8,3.0,2.75,3.75,2.75,3.25,2.25,2.75,3.8,2.6,2.2
437,3.2,3.5,3.0,2.25,2.25,3.25,2.25,4.25,3.2,2.8,4.0
438,2.4,2.8333333333333335,3.25,4.25,3.0,3.5,3.75,3.75,4.0,4.0,4.0
439,3.0,3.0,2.25,2.75,3.25,3.0,2.0,2.25,4.0,4.0,4.0
440,2.0,2.0,4.0,3.25,3.25,4.5,4.25,2.25,3.4,1.6,2.2
441,4.0,4.0,3.0,2.25,2.25,3.5,2.0,2.5,3.4,2.6,3.6
442,2.0,2.0,2.0,3.0,2.5,2.75,4.0,2.25,3.2,2.6,2.8
443,5.0,3.5,3.0,3.25,2.5,2.75,4.0,2.25,2.6,3.0,2.8
444,2.0,2.0,2.0,3.25,4.0,2.75,3.0,2.5,3.8,4.0,3.6
445,2.0,2.8333333333333335,2.0,3.25,4.0,4.0,2.0,2.75,2.0,2.0,2.0
446,4.0,3.1666666666666665,3.0,3.25,2.75,4.5,2.0,4.25,2.8,3.8,3.0
447,2.0,2.0,2.0,3.0,3.25,2.25,3.0,1.5,3.6,3.0,3.0
448,3.0,3.0,3.0,3.0,3.0,3.0,3.0,2.75,3.8,2.6,3.4
449,3.8,3.0,3.0,3.0,3.0,3.25,3.0,3.0,3.4,2.8,2.6
450,3.25,3.75,4.0,3.75,4.0,3.5,3.0,3.75,3.0,2.8,3.8
451,4.2,3.8333333333333335,3.5,3.75,3.25,3.0,3.5,3.75,2.6,2.0,2.6
452,2.8,2.3333333333333335,3.0,2.25,2.0,2.25,2.25,2.5,3.8,2.2,3.2
453,4.8,5.0,5.0,5.0,5.0,5.0,5.0,5.0,3.2,3.8,3.6
454,2.8,3.3333333333333335,2.25,3.0,2.5,2.25,3.25,1.5,3.0,3.2,3.4
455,3.0,3.3333333333333335,3.25,3.25,3.0,3.0,3.0,3.25,3.2,2.2,3.2
456,3.4,3.0,3.0,3.75,3.0,3.0,3.75,3.25,4.0,3.2,3.6
457,3.6,3.6666666666666665,3.75,4.0,4.0,4.0,3.25,4.0,4.0,4.0,4.0
458,3.4,3.0,3.0,3.5,3.25,3.25,3.5,3.5,4.0,4.0,4.0
459,2.4,2.8333333333333335,3.25,3.25,3.25,3.0,3.0,3.0,3.8,2.6,2.0
460,3.6,2.8333333333333335,2.75,3.25,3.0,3.25,3.5,2.75,3.8,2.8,3.4
461,2.6,2.8333333333333335,2.5,4.5,2.25,4.0,2.5,3.25,3.8,2.8,3.4
462,3.2,2.8333333333333335,2.75,3.25,2.0,3.25,3.75,3.0,3.6,3.6,2.6
463,2.4,2.8333333333333335,2.5,3.0,2.75,2.5,2.75,2.5,4.6,2.8,3.4
464,3.2,2.8333333333333335,3.75,3.0,3.5,3.25,2.25,2.0,3.6,3.0,2.8
465,3.6,2.8333333333333335,2.75,3.75,2.75,2.75,2.0,3.0,3.4,4.2,2.6
466,3.0,2.3333333333333335,2.0,2.5,3.0,2.5,2.5,3.75,3.0,3.4,3.0
467,3.0,2.8333333333333335,3.0,2.75,3.5,3.5,2.5,1.75,4.0,3.4,4.2
468,3.4,2.8333333333333335,2.5,2.5,2.25,2.0,2.25,4.0,3.2,4.0,3.6
469,2.6,2.6666666666666665,2.25,3.75,2.5,2.25,2.5,3.0,3.4,2.6,2.6
470,3.2,3.0,3.0,2.25,2.0,2.5,2.75,3.5,3.8,3.0,2.2
471,3.6,3.0,2.75,2.75,2.25,2.25,3.0,3.0,3.0,3.6,2.8
472,2.6,2.8333333333333335,3.5,2.25,3.75,3.0,2.75,2.5,2.4,3.8,2.8
473,5.0,5.0,5.0,5.0,5.0,5.0,5.0,5.0,3.0,2.8,3.0
474,3.0,3.8333333333333335,2.75,3.0,3.0,3.0,3.25,2.25,3.0,2.2,2.0
475,3.4,3.0,3.0,2.75,2.25,2.75,3.75,2.0,3.4,2.8,2.6
476,3.4,2.3333333333333335,3.0,3.0,2.25,3.25,4.0,2.25,3.0,4.2,3.4
477,3.6,3.1666666666666665,2.0,3.0,3.5,2.0,2.75,2.75,2.8,3.8,3.6
478,3.0,3.3333333333333335,2.75,2.75,2.5,2.25,3.25,2.5,4.2,3.6,4.2
479,3.0,2.6666666666666665,3.25,2.25,3.0,2.25,2.25,3.25,3.8,2.4,3.0
480,2.6,2.8333333333333335,3.25,3.25,3.25,3.0,3.75,3.25,3.6,2.6,3.2
481,2.4,3.3333333333333335,2.75,2.75,3.0,3.5,2.25,2.0,4.0,2.8,2.4
482,2.4,2.5,3.0,2.75,1.75,3.75,2.75,2.5,3.0,2.4,3.2
483,2.8,3.0,3.25,3.0,2.25,2.75,2.75,2.75,3.0,2.6,3.6
484,3.0,2.5,2.0,2.75,2.75,4.0,2.5,3.5,4.2,2.8,3.4
485,2.8,3.1666666666666665,2.25,2.0,2.75,2.75,2.75,2.0,4.0,3.2,3.2
486,3.0,2.8333333333333335,3.25,3.75,3.0,2.75,3.0,4.5,4.0,3.2,4.0
487,2.6,3.0,3.25,3.0,2.5,3.0,3.25,2.5,4.0,3.2,4.2
488,2.8,3.5,3.75,2.5,3.5,2.5,3.75,3.5,4.4,2.8,4.2
489,3.6,3.3333333333333335,3.25,2.5,3.75,3.5,2.75,4.5,2.8,2.2,2.8
490,2.6,3.1666666666666665,2.5,2.75,3.5,3.5,2.25,3.25,3.2,2.4,2.0
491,3.2,3.0,2.25,3.25,2.5,1.5,3.75,3.5,2.0,2.0,1.8
492,2.6,3.1666666666666665,3.5,3.25,2.25,3.5,3.75,3.5,3.0,2.8,3.2
493,3.4,3.0,3.25,3.25,2.75,2.0,3.5,3.5,3.0,2.4,3.4
494,4.0,2.8333333333333335,2.5,2.75,3.25,2.75,3.75,3.25,4.6,3.0,3.0
495,2.6,2.3333333333333335,2.75,3.75,3.0,2.25,3.5,2.5,1.0,1.0,1.0
496,3.25,2.8333333333333335,1.75,2.25,3.0,1.75,2.5,2.5,3.6,2.4,3.2
497,2.6,3.1666666666666665,3.25,2.75,3.25,2.5,3.0,3.25,3.8,2.8,2.2
498,2.8,2.8333333333333335,2.75,3.0,3.75,2.5,4.0,1.75,3.6,2.8,3.4
499,4.0,2.8333333333333335,2.0,3.0,2.75,3.25,3.5,3.25,3.2,3.2,3.6
500,2.75,2.75,1.5,2.25,3.0,4.5,3.0,3.0,3.0,3.0,2.6
501,3.0,3.0,3.0,3.0,2.75,3.25,4.0,2.75,4.0,4.4,3.4
502,2.0,2.0,2.0,3.0,3.5,2.5,2.0,3.0,2.2,2.8,3.8
503,4.0,4.0,3.0,3.5,4.75,3.25,4.0,3.25,2.8,1.8,3.2
504,2.0,4.0,2.0,2.75,1.75,2.0,2.0,3.0,3.2,3.0,2.8
505,2.0,2.0,2.0,3.75,3.75,3.0,5.0,3.0,3.2,3.0,3.4
506,3.0,3.8333333333333335,4.0,3.5,3.75,2.75,4.0,4.25,2.0,2.2,2.0
507,3.0,2.1666666666666665,2.0,3.25,4.25,3.25,2.0,3.5,3.6,2.4,4.4
508,5.0,3.0,3.0,3.0,2.75,4.0,4.0,2.75,3.8,3.4,3.4
509,4.0,3.8333333333333335,3.0,2.5,3.5,4.0,3.0,2.25,3.8,2.0,4.2
510,4.0,4.0,4.0,2.75,2.5,2.25,3.0,2.75,4.0,3.0,3.6
511,3.4,4.0,1.0,1.0,1.0,1.0,1.0,1.0,2.0,2.0,2.0
512,3.4,3.0,2.75,3.25,2.5,2.5,4.0,2.0,3.4,3.0,2.8
513,3.8,3.3333333333333335,1.0,2.75,3.25,3.5,5.0,1.75,3.6,2.6,3.8
514,2.0,2.0,2.0,3.25,3.75,3.5,2.0,2.5,3.6,3.4,3.6
515,4.0,4.0,4.0,4.0,4.0,2.5,4.0,3.5,3.6,1.8,3.8
516,5.0,4.166666666666667,2.0,2.5,3.5,2.75,2.0,3.75,4.2,3.6,2.6
517,2.0,2.0,2.0,2.25,2.25,1.75,5.0,3.5,3.4,3.6,3.4
518,4.0,2.6666666666666665,2.0,3.0,3.5,3.0,3.0,4.0,3.8,4.0,3.8
519,4.0,2.3333333333333335,2.0,3.75,3.5,3.0,4.0,3.25,3.2,3.0,2.8
520,3.2,4.0,4.25,3.5,3.25,3.0,3.0,2.0,2.4,3.2,3.4
521,3.0,3.0,2.0,3.5,1.75,1.75,1.0,3.0,2.0,2.0,2.0
522,3.0,2.0,2.0,3.25,3.0,1.5,3.0,3.75,3.4,3.6,2.8
523,4.0,4.0,4.0,3.25,2.25,2.0,2.0,3.25,3.0,2.8,2.8
524,3.0,3.0,1.0,2.0,3.75,3.0,1.0,1.75,3.8,3.8,3.2
525,2.0,2.0,2.0,2.0,2.0,2.0,2.0,2.0,3.2,3.4,2.6
526,4.0,4.0,3.0,3.5,2.75,1.75,1.0,2.25,4.0,2.6,3.2
527,2.0,2.0,2.0,3.5,2.5,2.0,1.0,2.5,3.6,2.2,4.6
528,2.0,2.0,2.0,2.0,2.25,3.75,4.0,3.25,4.2,2.2,2.2
529,3.0,3.0,3.0,3.0,3.0,3.25,3.0,2.5,3.8,3.4,3.8
530,2.2,2.0,2.0,2.5,3.25,3.0,2.0,3.25,2.0,2.0,2.0
531,4.0,4.0,4.0,3.5,2.75,3.5,1.0,3.5,3.8,3.2,3.2
532,4.0,3.3333333333333335,3.0,3.75,3.0,2.75,2.0,3.0,2.8,3.0,3.0
533,2.0,2.0,4.0,3.25,1.5,4.0,2.0,1.75,3.2,2.8,2.8
534,4.0,4.0,4.0,4.0,3.25,4.25,4.0,3.0,3.2,2.4,3.6
535,2.6,2.8333333333333335,3.0,2.75,2.5,2.75,2.0,3.75,3.4,3.2,3.6
536,,,,,,,,,3.2,3.0,2.4
537,4.0,4.0,4.0,3.0,2.75,4.0,3.0,3.0,3.2,2.6,3.2
538,4.0,4.0,4.0,4.0,4.0,4.0,4.0,4.0,3.0,3.0,3.0
539,4.0,4.0,4.0,4.0,4.0,4.0,4.0,4.0,4.0,3.6,3.8
540,3.0,3.8333333333333335,4.0,3.25,2.75,3.75,3.0,2.5,2.4,2.0,2.4
541,4.0,4.0,3.75,3.5,4.0,3.5,5.0,2.75,3.0,3.0,3.0
542,3.0,2.8333333333333335,3.0,2.75,3.25,3.75,3.0,4.25,2.8,3.0,3.2
543,2.4,2.0,2.0,2.75,2.5,1.75,3.0,3.0,1.4,1.0,1.0
544,4.0,4.833333333333333,5.0,3.25,2.5,2.25,5.0,4.0,2.8,3.0,3.0
545,3.0,3.0,2.0,2.75,2.0,4.0,3.0,4.25,4.2,4.2,4.4
546,3.0,3.0,5.0,3.0,3.5,3.0,4.0,3.25,4.0,2.6,1.8
547,4.0,2.0,2.0,2.5,2.5,3.0,4.0,3.0,4.2,4.0,3.8
548,2.8,2.0,2.0,4.25,3.75,3.5,2.0,2.75,3.6,3.4,3.8
549,4.0,2.0,4.25,3.25,3.25,2.5,4.0,2.75,5.0,5.0,5.0
550,3.0,3.0,1.0,3.75,2.25,2.25,3.0,2.5,3.2,5.0,5.0
551,4.0,3.0,4.25,2.25,3.0,3.0,4.0,3.0,5.0,5.0,5.0
552,2.0,4.5,3.0,3.75,3.25,2.75,2.0,2.5,3.0,3.0,3.0
553,4.0,4.0,4.0,3.5,3.5,2.25,3.5,2.0,3.2,1.8,4.2
554,4.0,4.0,3.75,3.25,3.75,3.75,4.0,3.75,1.2,1.4,1.4
555,2.0,2.0,2.0,2.75,2.5,2.25,2.0,2.25,3.4,5.0,5.0
556,3.0,3.0,3.0,4.25,4.0,3.5,3.25,3.25,5.0,5.0,5.0
557,3.0,3.0,3.0,3.25,2.75,4.0,2.0,2.5,2.8,2.8,1.0
558,4.0,3.0,4.0,3.5,1.75,4.25,3.0,3.0,5.0,5.0,5.0
559,2.0,3.0,3.0,3.5,1.75,3.25,3.25,3.25,3.2,3.6,3.2
560,3.0,5.0,2.75,3.0,3.25,3.5,3.25,3.5,3.4,3.4,3.6
561,5.0,3.0,5.0,3.5,4.0,2.25,5.0,3.75,5.0,5.0,5.0
562,3.0,3.0,3.25,4.0,3.25,4.0,2.0,3.25,3.0,3.0,3.0
563,4.0,4.0,4.0,3.5,3.5,3.5,3.0,3.5,3.8,4.0,3.8
564,3.0,3.0,4.0,2.75,4.0,3.75,2.0,3.25,3.0,3.0,3.0
565,2.0,2.0,2.25,3.0,3.0,3.5,3.0,3.25,4.0,4.0,4.0
566,3.0,3.0,3.0,2.75,3.25,3.0,3.0,2.5,3.6,4.0,3.8
567,4.0,4.0,1.0,2.75,4.5,2.75,1.0,2.25,4.0,4.0,4.0
568,2.0,2.0,2.0,4.0,3.5,2.5,4.0,4.25,3.8,4.0,4.0
569,4.0,3.0,3.5,5.0,5.0,5.0,4.0,4.0,4.0,4.0,4.0
570,2.2,2.0,2.0,3.75,2.5,3.75,3.0,3.25,3.0,3.0,3.0
571,2.0,4.0,4.0,3.0,4.0,3.75,3.0,3.75,4.0,4.0,4.0
572,2.0,2.3333333333333335,2.0,3.5,3.75,2.75,2.0,2.0,4.0,4.0,4.0
573,2.0,2.1666666666666665,2.0,3.0,3.0,3.0,3.0,2.5,4.0,4.0,4.0
574,5.0,4.833333333333333,4.0,2.25,3.25,4.25,3.0,2.25,3.8,3.8,4.0
575,2.0,2.0,2.0,2.75,3.25,2.25,1.0,2.75,3.2,4.0,3.6
576,1.8,1.0,1.0,1.0,1.0,1.0,1.0,1.25,4.0,4.0,4.0
577,4.0,2.0,3.0,3.5,2.5,1.75,3.0,3.5,2.0,2.0,2.0
578,3.0,3.8333333333333335,2.0,2.25,4.0,4.25,1.0,4.25,5.0,5.0,5.0
579,5.0,3.0,3.0,2.0,2.5,3.75,3.0,3.5,3.0,3.0,3.0
580,3.8,2.3333333333333335,2.75,3.5,2.75,3.25,3.0,2.5,3.0,3.0,3.0
581,2.0,5.0,5.0,3.5,3.5,3.25,3.0,3.0,3.0,3.0,3.0
582,1.0,3.8333333333333335,1.0,3.0,3.5,3.5,4.0,2.5,3.0,3.0,3.0
583,4.0,3.0,3.0,4.0,2.5,3.25,4.0,2.5,3.0,3.0,3.0
584,3.0,3.0,3.0,2.75,2.0,3.5,3.0,3.5,3.0,3.0,3.0
585,3.0,2.8333333333333335,2.75,3.25,3.5,3.25,2.75,3.25,3.0,3.0,3.0
586,2.0,5.0,5.0,4.25,2.5,3.5,2.0,3.25,3.0,3.0,3.0
587,2.0,2.0,2.0,2.25,2.0,2.0,2.0,2.0,3.0,3.0,3.0
588,4.0,4.0,4.0,2.75,3.75,2.75,3.0,3.0,3.0,3.0,3.0
589,3.0,2.0,2.0,1.75,3.25,3.0,5.0,2.25,3.0,3.0,3.0
590,3.0,4.0,4.0,3.0,2.25,2.75,5.0,3.0,3.0,3.0,3.0
591,3.0,3.0,3.0,3.25,4.25,3.25,3.0,3.5,3.0,3.0,3.0
592,2.0,2.0,2.0,2.0,2.0,2.0,2.0,2.0,3.0,3.0,3.0
593,3.0,1.8333333333333333,2.0,4.0,3.5,2.75,2.0,2.5,3.0,3.0,3.0
594,4.0,4.0,4.0,3.5,3.0,3.5,4.0,3.75,3.0,3.0,3.0
595,3.0,4.0,4.0,3.75,4.0,2.75,3.0,3.5,3.0,3.0,3.0
596,4.0,3.0,3.0,2.75,2.75,3.75,2.0,3.0,3.0,3.0,3.0
597,3.0,3.75,3.0,4.0,2.5,3.25,2.6666666666666665,2.5,3.0,3.0,3.0
598,3.0,3.0,3.0,2.75,4.5,3.5,4.0,3.25,3.0,3.0,3.0
599,4.0,2.0,5.0,3.25,3.25,4.25,3.0,3.0,3.0,3.0,3.0
600,3.0,4.0,4.5,2.5,4.0,3.5,3.0,2.25,3.0,3.0,3.0
601,4.0,4.0,4.0,2.75,3.25,3.5,3.0,2.75,3.0,3.0,3.0
602,5.0,3.0,4.0,2.25,2.0,2.0,2.0,2.0,3.0,3.0,3.0
603,3.0,4.0,4.0,2.25,2.0,2.5,3.5,3.75,3.0,3.0,3.0
604,2.0,3.0,3.0,5.0,4.0,4.0,3.0,3.0,3.0,3.0,3.0
605,4.0,3.0,2.0,2.5,1.75,3.0,3.0,2.0,3.2,3.0,3.0
606,5.0,3.0,4.0,3.0,2.0,2.0,4.0,3.25,3.0,3.0,3.0
607,3.0,3.0,3.0,3.25,2.0,3.5,4.0,3.25,3.0,3.0,3.0
608,4.0,3.0,3.0,3.5,3.75,2.0,4.0,3.5,3.0,3.0,3.0
609,3.0,1.0,3.0,3.0,4.0,3.5,3.0,3.0,3.0,3.0,3.0
610,2.0,5.0,3.75,2.75,2.5,2.0,4.0,3.5,3.0,3.0,3.0
611,2.0,2.0,2.0,2.0,2.0,2.0,2.0,2.0,3.0,3.0,3.0
612,4.0,4.0,3.25,4.0,4.5,4.75,4.0,3.25,3.0,3.0,3.0
613,4.0,3.0,5.0,3.75,3.5,2.5,2.0,3.25,3.0,3.0,3.0
614,2.0,3.0,4.0,2.5,2.75,3.25,4.0,3.0,3.0,3.0,3.0
615,4.0,3.0,4.0,3.75,3.0,3.5,2.0,3.0,3.0,3.0,3.0
616,3.8,3.0,3.0,1.5,1.0,1.5,1.0,4.25,3.0,3.0,3.2
617,3.2,5.0,3.0,3.25,4.0,3.5,3.0,3.0,3.0,3.0,3.0
618,3.0,3.0,3.0,3.25,2.0,2.5,3.0,3.0,3.0,3.0,3.0
619,3.0,2.0,2.0,4.0,3.5,2.75,2.0,3.0,3.0,3.0,3.0
620,3.0,3.0,2.75,4.25,3.75,4.25,3.75,4.0,3.0,3.0,3.0
621,3.0,3.0,3.0,3.25,2.75,3.0,2.0,2.75,3.0,3.0,3.0
622,4.0,3.0,3.0,3.0,3.0,3.0,3.0,3.0,3.0,3.0,3.0
623,4.0,4.0,4.0,4.5,4.0,4.0,3.0,3.75,3.0,3.0,3.0
624,1.0,1.0,1.0,1.5,1.25,1.25,1.0,1.0,3.0,3.0,3.0
625,3.0,3.1666666666666665,3.0,4.5,3.0,2.25,5.0,3.0,3.0,3.0,3.0
626,3.0,5.0,5.0,5.0,4.5,4.5,3.0,3.75,3.0,3.0,3.0
627,3.0,4.0,2.0,2.5,2.0,4.25,5.0,3.75,4.0,4.0,4.0
628,4.0,4.0,4.0,4.0,3.25,4.5,4.0,3.75,4.0,4.0,4.0
629,3.0,4.0,4.0,4.0,3.0,3.0,2.0,2.25,4.0,4.0,4.0
630,4.0,5.0,5.0,5.0,5.0,5.0,5.0,5.0,2.0,2.0,2.0
631,4.0,4.0,4.0,4.0,3.5,3.25,3.75,5.0,3.0,3.0,3.0
632,5.0,5.0,5.0,5.0,5.0,5.0,5.0,5.0,3.0,3.0,3.0
633,3.0,3.0,3.0,3.0,3.0,3.0,3.0,2.75,1.0,2.0,2.0
634,4.0,3.0,3.0,3.75,3.25,3.25,3.0,3.25,4.0,4.0,4.0
635,2.0,2.0,2.0,2.25,2.0,2.0,1.5,1.75,2.0,2.0,2.0
636,2.0,2.0,2.0,4.0,4.0,3.25,1.0,4.25,4.0,4.0,4.0
637,5.0,5.0,5.0,5.0,5.0,5.0,5.0,5.0,1.0,1.0,1.0
638,4.0,4.0,3.0,2.75,3.5,3.0,5.0,2.0,4.0,4.0,4.0
639,3.0,3.0,3.0,3.75,3.5,4.0,5.0,5.0,3.0,3.0,3.0
640,2.0,2.0,1.0,2.75,2.75,3.0,5.0,1.75,3.0,3.0,3.0
641,2.0,1.0,2.25,2.75,2.5,2.5,4.0,3.5,1.0,1.0,1.0
642,4.0,2.0,2.75,3.25,3.75,3.25,3.0,5.0,3.0,3.0,3.0
643,4.0,4.0,4.0,4.0,4.0,4.0,4.0,3.0,3.0,3.0,3.0
644,4.0,4.0,4.0,4.0,4.0,3.0,3.0,3.75,1.0,1.0,1.0
645,3.0,3.0,3.0,3.0,2.0,2.0,2.0,3.0,3.8,3.8,4.0
646,4.0,4.0,4.0,4.0,4.0,4.0,4.0,4.0,3.0,3.0,3.0
647,4.0,4.0,3.75,3.75,4.0,4.0,4.0,4.0,4.0,4.0,4.0
648,3.0,3.0,3.0,3.0,3.0,3.0,3.0,4.0,3.6,4.0,4.0
649,4.0,4.0,4.0,4.0,4.0,4.0,4.0,4.0,4.0,4.0,4.0
650,2.0,2.0,2.0,2.0,2.0,2.0,2.0,4.0,3.8,4.0,4.0
651,3.0,3.0,3.0,3.0,3.0,3.0,3.0,3.0,4.0,4.0,4.0
652,4.0,4.0,4.0,4.0,4.0,4.0,4.0,4.0,3.0,3.0,3.0
653,4.0,4.0,4.0,4.0,4.0,4.0,4.0,4.0,4.0,4.0,4.0
654,3.8,4.0,3.5,4.0,3.75,4.0,4.0,4.0,4.0,4.0,4.0
655,4.0,4.0,3.75,4.0,4.0,3.5,3.0,4.0,4.0,4.0,4.0
656,3.8,3.3333333333333335,3.0,3.75,3.75,3.25,2.0,3.0,3.8,4.0,3.8
657,4.0,3.8333333333333335,3.5,4.0,3.0,4.0,3.75,4.0,3.2,3.2,3.8
658,,,,,,,,,4.0,4.0,4.0
659,2.0,2.0,2.0,2.0,2.0,2.0,2.0,2.0,2.0,2.0,2.0
660,,,,,,,,,2.0,2.0,2.0
661,3.0,3.0,3.0,2.75,2.25,2.0,2.0,,,,
662,3.2,2.6666666666666665,3.25,3.0,3.0,3.0,3.0,3.0,3.0,3.0,3.0
663,2.8,2.6666666666666665,3.25,3.0,3.0,3.0,3.0,3.0,3.0,3.0,3.0
664,3.2,2.6666666666666665,3.25,3.0,3.0,3.0,3.0,3.0,3.0,3.0,3.0
665,2.8,2.6666666666666665,3.25,3.0,3.0,3.0,2.75,3.0,3.0,3.0,3.0
666,2.8,2.6666666666666665,3.25,3.0,3.0,3.0,3.0,3.0,3.0,3.0,3.0
667,2.8,2.6666666666666665,3.25,3.0,3.0,3.0,3.0,3.0,3.0,3.0,3.0
668,3.0,2.6666666666666665,3.25,3.0,3.0,3.0,3.0,3.0,3.0,3.0,3.0
669,3.0,2.6666666666666665,3.25,3.0,3.0,3.0,3.25,3.0,3.0,3.0,3.0
670,3.0,2.6666666666666665,3.25,3.0,3.0,3.0,3.0,3.0,3.0,3.0,3.0
671,3.0,2.6666666666666665,3.25,3.0,3.0,3.0,2.75,3.0,3.0,3.0,3.0
672,3.0,2.8333333333333335,3.25,3.0,3.0,3.0,3.25,3.0,3.0,3.0,3.0
673,3.2,2.6666666666666665,3.25,3.0,3.0,3.0,3.0,3.0,3.0,3.0,3.0
674,3.0,3.1666666666666665,3.0,3.0,3.0,3.0,3.25,3.0,3.0,3.0,3.0
675,,,,,,,,,3.0,3.0,3.0
676,2.6,3.1666666666666665,3.0,3.0,3.0,3.0,3.25,3.0,3.0,3.0,3.0
677,3.0,3.1666666666666665,3.0,3.0,3.0,3.0,3.5,3.0,3.0,3.0,3.0
678,3.2,3.1666666666666665,3.0,3.0,3.0,3.0,3.25,3.0,3.0,3.0,3.0
679,3.0,3.1666666666666665,3.0,3.0,3.0,3.0,3.5,3.0,3.0,3.0,3.0
680,2.6,3.1666666666666665,3.0,3.0,3.0,3.0,3.25,3.0,3.0,3.0,3.0
681,3.2,3.0,3.0,3.0,3.0,3.0,3.25,3.0,3.0,3.0,3.0
682,3.2,3.0,3.0,3.0,3.0,3.0,3.0,3.0,3.0,3.0,3.0
683,3.0,3.0,3.0,3.0,3.0,3.0,3.0,3.0,3.0,3.0,3.0
684,3.0,3.0,3.0,3.0,3.0,3.0,3.0,3.0,3.0,3.0,3.0
685,3.2,3.0,2.5,3.0,3.0,3.0,3.0,3.25,3.0,3.0,3.0
686,3.0,3.0,3.0,3.0,3.0,3.0,3.0,3.0,3.0,3.2,3.0
687,3.0,3.0,3.0,3.0,3.0,3.0,3.0,3.0,3.0,3.0,3.0
688,3.2,3.0,3.0,3.0,3.0,3.0,3.0,3.0,3.0,3.0,3.0
689,3.2,3.0,3.0,3.0,3.0,3.0,2.75,3.0,3.0,3.0,3.0
690,2.8,3.0,3.0,3.0,3.0,3.0,2.75,3.0,3.2,3.0,3.0
691,2.6,3.0,3.0,3.0,3.0,3.0,2.75,3.0,3.0,3.0,3.0
692,2.6,3.0,3.0,3.0,3.0,3.0,2.75,3.0,3.0,3.0,3.0
693,3.2,3.0,3.0,3.0,3.0,3.0,3.25,3.0,3.0,3.0,3.0
694,2.8,3.0,3.0,3.0,3.0,3.0,3.25,3.0,3.0,3.0,3.0
695,3.2,3.0,3.0,3.0,3.0,3.0,3.25,3.0,3.0,3.0,3.0
696,3.2,3.0,3.0,3.0,3.0,3.0,2.75,3.0,3.0,3.0,3.0
697,3.2,3.0,3.0,3.0,3.0,3.0,3.25,3.0,3.0,3.0,3.0
698,3.0,3.0,2.5,3.0,3.0,3.0,3.25,3.0,3.0,3.0,3.0
699,3.0,3.0,3.0,3.0,3.0,3.0,3.25,3.0,3.0,3.0,3.0
700,3.0,3.0,3.0,3.0,3.0,3.0,3.25,3.0,3.0,3.0,3.0
701,3.2,3.0,3.0,3.0,3.0,3.0,3.25,3.0,3.0,3.0,3.0
702,3.0,3.0,3.0,3.0,2.75,3.0,3.0,3.0,3.0,3.0,3.0
703,3.2,3.0,3.0,3.0,3.0,3.0,3.0,3.0,3.0,3.0,3.0
704,3.0,3.0,3.0,3.0,3.0,3.0,3.0,3.0,3.0,3.0,3.0
705,3.0,3.0,3.0,2.75,3.0,3.0,3.0,3.0,3.0,3.0,3.0
706,,,,,,,,,3.0,3.0,3.0
707,,,,,,,,,,,
708,,,,,,,,,,,
709,,,,,,,,,,,
710,,,,,,,,,,,
711,3.0,2.8333333333333335,3.0,3.0,3.0,3.0,3.0,3.0,3.0,3.0,3.0
712,3.0,3.0,3.0,3.0,3.0,3.0,3.0,3.0,3.0,3.0,3.0
713,3.0,3.0,3.0,3.0,3.0,3.0,3.0,3.0,3.0,3.0,3.0
714,3.0,3.0,3.0,3.0,3.0,3.0,3.0,3.0,3.0,3.0,3.0
715,3.0,3.0,3.0,3.0,3.0,3.0,3.0,3.0,3.0,3.0,3.0
716,4.0,4.0,4.0,4.0,4.0,4.0,4.0,4.0,4.0,4.0,4.0
717,2.0,2.0,2.0,2.0,2.0,2.0,2.0,,,,
718,4.0,4.0,4.0,4.0,4.0,4.0,4.0,4.0,4.0,4.0,4.0
719,,,,,,,,,,,
720,2.0,2.0,2.0,2.0,2.0,2.0,2.0,2.0,2.0,2.0,2.0
721,,,,,,,,,,,
722,3.0,3.0,3.0,3.0,3.0,3.0,3.0,3.0,3.0,3.0,3.0
723,3.0,3.0,3.0,3.0,3.0,3.0,3.0,3.0,3.0,3.0,3.0
724,2.0,2.0,2.0,2.0,2.0,2.0,2.0,2.0,1.0,2.0,2.0
725,4.0,4.0,4.0,4.0,4.0,4.0,4.0,4.0,4.0,4.0,4.0
726,2.0,2.0,2.0,2.0,2.0,2.0,2.0,2.0,2.0,2.0,2.0
727,4.0,4.0,4.0,4.0,4.0,4.0,4.0,4.0,4.0,4.0,4.0
728,1.0,1.0,1.0,1.0,1.0,1.0,1.0,1.0,1.0,1.0,1.0
729,4.0,4.0,4.0,4.0,4.0,4.0,4.0,4.0,4.0,4.0,4.0
730,3.0,3.0,3.0,3.0,3.0,3.0,3.0,3.0,3.0,3.0,3.0
731,3.0,3.0,3.0,3.0,3.0,3.0,3.0,3.0,3.0,3.0,3.0
732,1.0,1.0,1.0,1.0,1.0,1.0,1.0,1.0,1.0,1.0,1.0
733,3.0,3.0,3.0,3.0,3.0,3.0,3.0,3.0,3.0,3.0,3.0
734,2.0,2.0,2.0,2.0,2.0,2.0,2.0,3.0,3.0,3.0,3.0
735,1.0,1.0,1.0,1.0,1.0,1.0,1.0,1.0,1.0,1.0,1.0
736,,,,,,,,,,,
737,,,,,,,,,,,
738,,,,,,,,,,,
